Group,Peptide,slope,Kinase
Exposed,ACM1_444_456,3.8134869271046594,BARK1
Exposed,ACM1_444_456,3.8134869271046594,CDK
Exposed,ACM1_444_456,3.8134869271046594,CK1
Exposed,ACM1_444_456,3.8134869271046594,DAPK
Exposed,ACM1_444_456,3.8134869271046594,DMPK
Exposed,ACM1_444_456,3.8134869271046594,DYRK
Exposed,ACM1_444_456,3.8134869271046594,ERK
Exposed,ACM1_444_456,3.8134869271046594,GSK
Exposed,ACM1_444_456,3.8134869271046594,IRAK
Exposed,ACM1_444_456,3.8134869271046594,JNK
Exposed,ACM1_444_456,3.8134869271046594,MLCK
Exposed,ACM1_444_456,3.8134869271046594,P38
Exposed,ACM1_444_456,3.8134869271046594,PDK1
Exposed,ACM1_444_456,3.8134869271046594,PEK
Exposed,ACM1_444_456,3.8134869271046594,PHK
Exposed,ACM1_444_456,3.8134869271046594,PIM
Exposed,ACM1_444_456,3.8134869271046594,PKCA
Exposed,ACM1_444_456,3.8134869271046594,RSK
Exposed,ACM1_444_456,3.8134869271046594,VRK2
Exposed,ACM4_456_468,3.7801856013204627,BARK1
Exposed,ACM4_456_468,3.7801856013204627,FRAY
Exposed,ACM4_456_468,3.7801856013204627,MELK
Exposed,ACM4_456_468,3.7801856013204627,PDHK
Exposed,ACM4_456_468,3.7801856013204627,PDK1
Exposed,ACM4_456_468,3.7801856013204627,PIM
Exposed,ACM4_456_468,3.7801856013204627,PKCA
Exposed,ACM4_456_468,3.7801856013204627,PKCH
Exposed,ACM4_456_468,3.7801856013204627,VRK2
Exposed,ACM5_494_506,5.472084612722703,BARK1
Exposed,ACM5_494_506,5.472084612722703,FRAY
Exposed,ACM5_494_506,5.472084612722703,PDHK
Exposed,ACM5_494_506,5.472084612722703,PDK1
Exposed,ACM5_494_506,5.472084612722703,PEK
Exposed,ACM5_494_506,5.472084612722703,PKCA
Exposed,ACM5_494_506,5.472084612722703,VRK2
Exposed,ACM5_494_506,5.472084612722703,WNK
Exposed,ACM5_498_510,4.663783861923585,BARK1
Exposed,ACM5_498_510,4.663783861923585,FRAY
Exposed,ACM5_498_510,4.663783861923585,MLK
Exposed,ACM5_498_510,4.663783861923585,PDHK
Exposed,ACM5_498_510,4.663783861923585,PDK1
Exposed,ACM5_498_510,4.663783861923585,PEK
Exposed,ACM5_498_510,4.663783861923585,PKCA
Exposed,ACM5_498_510,4.663783861923585,PKCH
Exposed,ACM5_498_510,4.663783861923585,VRK2
Exposed,ADDB_706_718,4.726634018864332,BARK1
Exposed,ADDB_706_718,4.726634018864332,CDK
Exposed,ADDB_706_718,4.726634018864332,CHK1
Exposed,ADDB_706_718,4.726634018864332,DMPK
Exposed,ADDB_706_718,4.726634018864332,DYRK
Exposed,ADDB_706_718,4.726634018864332,ERK
Exposed,ADDB_706_718,4.726634018864332,JNK
Exposed,ADDB_706_718,4.726634018864332,MAPKAPK
Exposed,ADDB_706_718,4.726634018864332,MST
Exposed,ADDB_706_718,4.726634018864332,NEK
Exposed,ADDB_706_718,4.726634018864332,P38
Exposed,ADDB_706_718,4.726634018864332,PAKA
Exposed,ADDB_706_718,4.726634018864332,PDHK
Exposed,ADDB_706_718,4.726634018864332,PDK1
Exposed,ADDB_706_718,4.726634018864332,PEK
Exposed,ADDB_706_718,4.726634018864332,PHK
Exposed,ADDB_706_718,4.726634018864332,PIM
Exposed,ADDB_706_718,4.726634018864332,PKCA
Exposed,ADDB_706_718,4.726634018864332,PLK
Exposed,ADDB_706_718,4.726634018864332,RAD53
Exposed,ADDB_706_718,4.726634018864332,RSK
Exposed,ADDB_706_718,4.726634018864332,VRK2
Exposed,BAD_69_81,5.05480249137968,AKT
Exposed,BAD_69_81,5.05480249137968,BARK1
Exposed,BAD_69_81,5.05480249137968,CDK
Exposed,BAD_69_81,5.05480249137968,DMPK
Exposed,BAD_69_81,5.05480249137968,ERK
Exposed,BAD_69_81,5.05480249137968,MELK
Exposed,BAD_69_81,5.05480249137968,MTOR
Exposed,BAD_69_81,5.05480249137968,PAKA
Exposed,BAD_69_81,5.05480249137968,PAKB
Exposed,BAD_69_81,5.05480249137968,PDHK
Exposed,BAD_69_81,5.05480249137968,PDK1
Exposed,BAD_69_81,5.05480249137968,PEK
Exposed,BAD_69_81,5.05480249137968,PHK
Exposed,BAD_69_81,5.05480249137968,PIM
Exposed,BAD_69_81,5.05480249137968,PKA
Exposed,BAD_69_81,5.05480249137968,PKCA
Exposed,BAD_69_81,5.05480249137968,PKCI
Exposed,BAD_69_81,5.05480249137968,PKD
Exposed,BAD_69_81,5.05480249137968,PKG
Exposed,BAD_69_81,5.05480249137968,QIK
Exposed,BAD_69_81,5.05480249137968,RAD53
Exposed,BAD_69_81,5.05480249137968,RAF
Exposed,BAD_69_81,5.05480249137968,RSK
Exposed,BAD_69_81,5.05480249137968,SGK
Exposed,BAD_69_81,5.05480249137968,VRK2
Exposed,BAD_93_105,6.489432970585526,AKT
Exposed,BAD_93_105,6.489432970585526,BARK1
Exposed,BAD_93_105,6.489432970585526,DMPK
Exposed,BAD_93_105,6.489432970585526,MAPKAPK
Exposed,BAD_93_105,6.489432970585526,PAKA
Exposed,BAD_93_105,6.489432970585526,PHK
Exposed,BAD_93_105,6.489432970585526,PIM
Exposed,BAD_93_105,6.489432970585526,PKA
Exposed,BAD_93_105,6.489432970585526,PKCA
Exposed,BAD_93_105,6.489432970585526,PKCI
Exposed,BAD_93_105,6.489432970585526,PKD
Exposed,BAD_93_105,6.489432970585526,PKG
Exposed,BAD_93_105,6.489432970585526,QIK
Exposed,BAD_93_105,6.489432970585526,RAF
Exposed,BAD_93_105,6.489432970585526,RSK
Exposed,BAD_93_105,6.489432970585526,SGK
Exposed,BAD_93_105,6.489432970585526,VRK2
Exposed,BCKD_45_57,3.3338864879514802,AKT
Exposed,BCKD_45_57,3.3338864879514802,BARK1
Exposed,BCKD_45_57,3.3338864879514802,CDK
Exposed,BCKD_45_57,3.3338864879514802,DMPK
Exposed,BCKD_45_57,3.3338864879514802,FRAY
Exposed,BCKD_45_57,3.3338864879514802,GRK
Exposed,BCKD_45_57,3.3338864879514802,IKK
Exposed,BCKD_45_57,3.3338864879514802,MAPKAPK
Exposed,BCKD_45_57,3.3338864879514802,MELK
Exposed,BCKD_45_57,3.3338864879514802,MLCK
Exposed,BCKD_45_57,3.3338864879514802,MST
Exposed,BCKD_45_57,3.3338864879514802,PAKA
Exposed,BCKD_45_57,3.3338864879514802,PDHK
Exposed,BCKD_45_57,3.3338864879514802,PDK1
Exposed,BCKD_45_57,3.3338864879514802,PEK
Exposed,BCKD_45_57,3.3338864879514802,PHK
Exposed,BCKD_45_57,3.3338864879514802,PIM
Exposed,BCKD_45_57,3.3338864879514802,PKA
Exposed,BCKD_45_57,3.3338864879514802,PKCA
Exposed,BCKD_45_57,3.3338864879514802,PKG
Exposed,BCKD_45_57,3.3338864879514802,PLK
Exposed,BCKD_45_57,3.3338864879514802,QIK
Exposed,BCKD_45_57,3.3338864879514802,RSK
Exposed,BCKD_45_57,3.3338864879514802,SGK
Exposed,BCKD_45_57,3.3338864879514802,STE7
Exposed,BCKD_45_57,3.3338864879514802,VRK2
Exposed,CA2D1_494_506,4.466249193491445,BARK1
Exposed,CA2D1_494_506,4.466249193491445,DMPK
Exposed,CA2D1_494_506,4.466249193491445,DYRK
Exposed,CA2D1_494_506,4.466249193491445,ERK
Exposed,CA2D1_494_506,4.466249193491445,PAKA
Exposed,CA2D1_494_506,4.466249193491445,PEK
Exposed,CA2D1_494_506,4.466249193491445,PKCA
Exposed,CA2D1_494_506,4.466249193491445,PKCH
Exposed,CA2D1_494_506,4.466249193491445,PKN
Exposed,CA2D1_494_506,4.466249193491445,RAD53
Exposed,CA2D1_494_506,4.466249193491445,VRK2
Exposed,CD27_212_224,4.043073233560221,AKT
Exposed,CD27_212_224,4.043073233560221,BARK1
Exposed,CD27_212_224,4.043073233560221,CDK
Exposed,CD27_212_224,4.043073233560221,DMPK
Exposed,CD27_212_224,4.043073233560221,ERK
Exposed,CD27_212_224,4.043073233560221,IKK
Exposed,CD27_212_224,4.043073233560221,JNK
Exposed,CD27_212_224,4.043073233560221,P38
Exposed,CD27_212_224,4.043073233560221,PDHK
Exposed,CD27_212_224,4.043073233560221,PEK
Exposed,CD27_212_224,4.043073233560221,PHK
Exposed,CD27_212_224,4.043073233560221,PIM
Exposed,CD27_212_224,4.043073233560221,PKCA
Exposed,CD27_212_224,4.043073233560221,PKD
Exposed,CD27_212_224,4.043073233560221,QIK
Exposed,CD27_212_224,4.043073233560221,RSK
Exposed,CD27_212_224,4.043073233560221,VRK2
Exposed,CENPA_1_14,7.216106957313415,AUR
Exposed,CENPA_1_14,7.216106957313415,BARK1
Exposed,CENPA_1_14,7.216106957313415,DMPK
Exposed,CENPA_1_14,7.216106957313415,MAPKAPK
Exposed,CENPA_1_14,7.216106957313415,PIM
Exposed,CENPA_1_14,7.216106957313415,PKCA
Exposed,CENPA_1_14,7.216106957313415,PKG
Exposed,CENPA_1_14,7.216106957313415,VRK2
Exposed,DCX_49_61,3.5786973753875517,BARK1
Exposed,DCX_49_61,3.5786973753875517,CDK
Exposed,DCX_49_61,3.5786973753875517,CK1
Exposed,DCX_49_61,3.5786973753875517,ERK
Exposed,DCX_49_61,3.5786973753875517,MAPKAPK
Exposed,DCX_49_61,3.5786973753875517,PEK
Exposed,DCX_49_61,3.5786973753875517,PIM
Exposed,DCX_49_61,3.5786973753875517,PKCA
Exposed,DCX_49_61,3.5786973753875517,PKCH
Exposed,DCX_49_61,3.5786973753875517,QIK
Exposed,DCX_49_61,3.5786973753875517,RSK
Exposed,DCX_49_61,3.5786973753875517,VRK2
Exposed,ERBB2_679_691,7.2531076498234155,BARK1
Exposed,ERBB2_679_691,7.2531076498234155,DMPK
Exposed,ERBB2_679_691,7.2531076498234155,PHK
Exposed,ERBB2_679_691,7.2531076498234155,PIM
Exposed,ERBB2_679_691,7.2531076498234155,PKA
Exposed,ERBB2_679_691,7.2531076498234155,PKCA
Exposed,ERBB2_679_691,7.2531076498234155,PKCD
Exposed,ERBB2_679_691,7.2531076498234155,PKCH
Exposed,ERBB2_679_691,7.2531076498234155,PKG
Exposed,ERBB2_679_691,7.2531076498234155,RSK
Exposed,ERBB2_679_691,7.2531076498234155,VRK2
Exposed,FIBA_569_581,3.1593122578881205,BARK1
Exposed,FIBA_569_581,3.1593122578881205,CDK
Exposed,FIBA_569_581,3.1593122578881205,CK1
Exposed,FIBA_569_581,3.1593122578881205,DAPK
Exposed,FIBA_569_581,3.1593122578881205,DMPK
Exposed,FIBA_569_581,3.1593122578881205,ERK
Exposed,FIBA_569_581,3.1593122578881205,GSK
Exposed,FIBA_569_581,3.1593122578881205,HAL
Exposed,FIBA_569_581,3.1593122578881205,IKK
Exposed,FIBA_569_581,3.1593122578881205,JNK
Exposed,FIBA_569_581,3.1593122578881205,MLCK
Exposed,FIBA_569_581,3.1593122578881205,MST
Exposed,FIBA_569_581,3.1593122578881205,PDHK
Exposed,FIBA_569_581,3.1593122578881205,PEK
Exposed,FIBA_569_581,3.1593122578881205,PHK
Exposed,FIBA_569_581,3.1593122578881205,PIM
Exposed,FIBA_569_581,3.1593122578881205,PKA
Exposed,FIBA_569_581,3.1593122578881205,PKCA
Exposed,FIBA_569_581,3.1593122578881205,PKG
Exposed,FIBA_569_581,3.1593122578881205,PLK
Exposed,FIBA_569_581,3.1593122578881205,QIK
Exposed,FIBA_569_581,3.1593122578881205,RAF
Exposed,FIBA_569_581,3.1593122578881205,RIPK
Exposed,FIBA_569_581,3.1593122578881205,RSK
Exposed,FIBA_569_581,3.1593122578881205,SGK
Exposed,FIBA_569_581,3.1593122578881205,STE7
Exposed,FIBA_569_581,3.1593122578881205,VRK2
Exposed,FOXO3_25_37,5.704748102536779,AKT
Exposed,FOXO3_25_37,5.704748102536779,BARK1
Exposed,FOXO3_25_37,5.704748102536779,CDK
Exposed,FOXO3_25_37,5.704748102536779,ERK
Exposed,FOXO3_25_37,5.704748102536779,MAPKAPK
Exposed,FOXO3_25_37,5.704748102536779,P38
Exposed,FOXO3_25_37,5.704748102536779,PHK
Exposed,FOXO3_25_37,5.704748102536779,PIM
Exposed,FOXO3_25_37,5.704748102536779,PKCA
Exposed,FOXO3_25_37,5.704748102536779,QIK
Exposed,FOXO3_25_37,5.704748102536779,RAF
Exposed,FOXO3_25_37,5.704748102536779,RSK
Exposed,FOXO3_25_37,5.704748102536779,SGK
Exposed,FOXO3_25_37,5.704748102536779,VRK2
Exposed,H2B1B_ 27_40,6.225048003893788,AKT
Exposed,H2B1B_ 27_40,6.225048003893788,AMPK
Exposed,H2B1B_ 27_40,6.225048003893788,BARK1
Exposed,H2B1B_ 27_40,6.225048003893788,CAMK1
Exposed,H2B1B_ 27_40,6.225048003893788,CDK
Exposed,H2B1B_ 27_40,6.225048003893788,COT
Exposed,H2B1B_ 27_40,6.225048003893788,DAPK
Exposed,H2B1B_ 27_40,6.225048003893788,DMPK
Exposed,H2B1B_ 27_40,6.225048003893788,IKK
Exposed,H2B1B_ 27_40,6.225048003893788,MLK
Exposed,H2B1B_ 27_40,6.225048003893788,MST
Exposed,H2B1B_ 27_40,6.225048003893788,PAKA
Exposed,H2B1B_ 27_40,6.225048003893788,PAKB
Exposed,H2B1B_ 27_40,6.225048003893788,PDHK
Exposed,H2B1B_ 27_40,6.225048003893788,PEK
Exposed,H2B1B_ 27_40,6.225048003893788,PHK
Exposed,H2B1B_ 27_40,6.225048003893788,PIM
Exposed,H2B1B_ 27_40,6.225048003893788,PKA
Exposed,H2B1B_ 27_40,6.225048003893788,PKCA
Exposed,H2B1B_ 27_40,6.225048003893788,PKCH
Exposed,H2B1B_ 27_40,6.225048003893788,PKD
Exposed,H2B1B_ 27_40,6.225048003893788,PKG
Exposed,H2B1B_ 27_40,6.225048003893788,PLK
Exposed,H2B1B_ 27_40,6.225048003893788,QIK
Exposed,H2B1B_ 27_40,6.225048003893788,RAD53
Exposed,H2B1B_ 27_40,6.225048003893788,RSK
Exposed,H2B1B_ 27_40,6.225048003893788,SGK
Exposed,H2B1B_ 27_40,6.225048003893788,VRK2
Exposed,H32_3_18,5.334223338173151,AMPK
Exposed,H32_3_18,5.334223338173151,ATR
Exposed,H32_3_18,5.334223338173151,AUR
Exposed,H32_3_18,5.334223338173151,BARK1
Exposed,H32_3_18,5.334223338173151,DAPK
Exposed,H32_3_18,5.334223338173151,DMPK
Exposed,H32_3_18,5.334223338173151,DYRK
Exposed,H32_3_18,5.334223338173151,MLK
Exposed,H32_3_18,5.334223338173151,MST
Exposed,H32_3_18,5.334223338173151,MTOR
Exposed,H32_3_18,5.334223338173151,PHK
Exposed,H32_3_18,5.334223338173151,PIM
Exposed,H32_3_18,5.334223338173151,PKCA
Exposed,H32_3_18,5.334223338173151,PKCD
Exposed,H32_3_18,5.334223338173151,PRKDC
Exposed,H32_3_18,5.334223338173151,QIK
Exposed,H32_3_18,5.334223338173151,RAD53
Exposed,H32_3_18,5.334223338173151,RSK
Exposed,H32_3_18,5.334223338173151,STE7
Exposed,H32_3_18,5.334223338173151,VRK1
Exposed,H32_3_18,5.334223338173151,VRK2
Exposed,IF4E_203_215,3.74188210418912,BARK1
Exposed,IF4E_203_215,3.74188210418912,CDK
Exposed,IF4E_203_215,3.74188210418912,DMPK
Exposed,IF4E_203_215,3.74188210418912,ERK
Exposed,IF4E_203_215,3.74188210418912,GRK
Exposed,IF4E_203_215,3.74188210418912,IKK
Exposed,IF4E_203_215,3.74188210418912,LKB
Exposed,IF4E_203_215,3.74188210418912,MAPKAPK
Exposed,IF4E_203_215,3.74188210418912,MLK
Exposed,IF4E_203_215,3.74188210418912,P38
Exposed,IF4E_203_215,3.74188210418912,PEK
Exposed,IF4E_203_215,3.74188210418912,PKCA
Exposed,IF4E_203_215,3.74188210418912,QIK
Exposed,IF4E_203_215,3.74188210418912,RIPK
Exposed,IF4E_203_215,3.74188210418912,STKR
Exposed,IF4E_203_215,3.74188210418912,VRK1
Exposed,IF4E_203_215,3.74188210418912,VRK2
Exposed,KAPCG_192_206,3.0179171893558268,BARK1
Exposed,KAPCG_192_206,3.0179171893558268,CAMK2
Exposed,KAPCG_192_206,3.0179171893558268,CDK
Exposed,KAPCG_192_206,3.0179171893558268,DMPK
Exposed,KAPCG_192_206,3.0179171893558268,DYRK
Exposed,KAPCG_192_206,3.0179171893558268,ERK
Exposed,KAPCG_192_206,3.0179171893558268,GSK
Exposed,KAPCG_192_206,3.0179171893558268,IKK
Exposed,KAPCG_192_206,3.0179171893558268,IRAK
Exposed,KAPCG_192_206,3.0179171893558268,LKB
Exposed,KAPCG_192_206,3.0179171893558268,MELK
Exposed,KAPCG_192_206,3.0179171893558268,MST
Exposed,KAPCG_192_206,3.0179171893558268,MTOR
Exposed,KAPCG_192_206,3.0179171893558268,PDHK
Exposed,KAPCG_192_206,3.0179171893558268,PDK1
Exposed,KAPCG_192_206,3.0179171893558268,PHK
Exposed,KAPCG_192_206,3.0179171893558268,PIM
Exposed,KAPCG_192_206,3.0179171893558268,PKCH
Exposed,KAPCG_192_206,3.0179171893558268,VRK2
Exposed,KS6A1_374_386,4.008914065393992,BARK1
Exposed,KS6A1_374_386,4.008914065393992,COT
Exposed,KS6A1_374_386,4.008914065393992,FRAY
Exposed,KS6A1_374_386,4.008914065393992,MAPKAPK
Exposed,KS6A1_374_386,4.008914065393992,MSN
Exposed,KS6A1_374_386,4.008914065393992,MTOR
Exposed,KS6A1_374_386,4.008914065393992,PDHK
Exposed,KS6A1_374_386,4.008914065393992,PDK1
Exposed,KS6A1_374_386,4.008914065393992,PEK
Exposed,KS6A1_374_386,4.008914065393992,PHK
Exposed,KS6A1_374_386,4.008914065393992,PIM
Exposed,KS6A1_374_386,4.008914065393992,PKCA
Exposed,KS6A1_374_386,4.008914065393992,RAD53
Exposed,KS6A1_374_386,4.008914065393992,RSK
Exposed,KS6A1_374_386,4.008914065393992,STE7
Exposed,KS6A1_374_386,4.008914065393992,VRK2
Exposed,MARCS_152_164,3.217985732778788,BARK1
Exposed,MARCS_152_164,3.217985732778788,CDK
Exposed,MARCS_152_164,3.217985732778788,DAPK
Exposed,MARCS_152_164,3.217985732778788,DMPK
Exposed,MARCS_152_164,3.217985732778788,ERK
Exposed,MARCS_152_164,3.217985732778788,JNK
Exposed,MARCS_152_164,3.217985732778788,P38
Exposed,MARCS_152_164,3.217985732778788,PAKA
Exposed,MARCS_152_164,3.217985732778788,PDHK
Exposed,MARCS_152_164,3.217985732778788,PDK1
Exposed,MARCS_152_164,3.217985732778788,PEK
Exposed,MARCS_152_164,3.217985732778788,PHK
Exposed,MARCS_152_164,3.217985732778788,PKA
Exposed,MARCS_152_164,3.217985732778788,PKCA
Exposed,MARCS_152_164,3.217985732778788,PKCH
Exposed,MARCS_152_164,3.217985732778788,PKCI
Exposed,MARCS_152_164,3.217985732778788,PKD
Exposed,MARCS_152_164,3.217985732778788,PKG
Exposed,MARCS_152_164,3.217985732778788,PKN
Exposed,MARCS_152_164,3.217985732778788,RAD53
Exposed,MARCS_152_164,3.217985732778788,VRK2
Exposed,MBP_222_234,4.929435234005966,BARK1
Exposed,MBP_222_234,4.929435234005966,CDK
Exposed,MBP_222_234,4.929435234005966,DYRK
Exposed,MBP_222_234,4.929435234005966,ERK
Exposed,MBP_222_234,4.929435234005966,GSK
Exposed,MBP_222_234,4.929435234005966,JNK
Exposed,MBP_222_234,4.929435234005966,MTOR
Exposed,MBP_222_234,4.929435234005966,PDK1
Exposed,MBP_222_234,4.929435234005966,PEK
Exposed,MBP_222_234,4.929435234005966,VRK2
Exposed,MP2K1_287_299,4.619703310482052,BARK1
Exposed,MP2K1_287_299,4.619703310482052,CDK
Exposed,MP2K1_287_299,4.619703310482052,DMPK
Exposed,MP2K1_287_299,4.619703310482052,DYRK
Exposed,MP2K1_287_299,4.619703310482052,ERK
Exposed,MP2K1_287_299,4.619703310482052,JNK
Exposed,MP2K1_287_299,4.619703310482052,MAPKAPK
Exposed,MP2K1_287_299,4.619703310482052,P38
Exposed,MP2K1_287_299,4.619703310482052,PAKA
Exposed,MP2K1_287_299,4.619703310482052,PDHK
Exposed,MP2K1_287_299,4.619703310482052,PDK1
Exposed,MP2K1_287_299,4.619703310482052,PEK
Exposed,MP2K1_287_299,4.619703310482052,PHK
Exposed,MP2K1_287_299,4.619703310482052,PIM
Exposed,MP2K1_287_299,4.619703310482052,PKCA
Exposed,MP2K1_287_299,4.619703310482052,PKD
Exposed,MP2K1_287_299,4.619703310482052,STE7
Exposed,MP2K1_287_299,4.619703310482052,VRK2
Exposed,MPIP1_172_184,4.786668074347703,ATR
Exposed,MPIP1_172_184,4.786668074347703,BARK1
Exposed,MPIP1_172_184,4.786668074347703,CHK1
Exposed,MPIP1_172_184,4.786668074347703,DMPK
Exposed,MPIP1_172_184,4.786668074347703,MAPKAPK
Exposed,MPIP1_172_184,4.786668074347703,PHK
Exposed,MPIP1_172_184,4.786668074347703,PIM
Exposed,MPIP1_172_184,4.786668074347703,PKCA
Exposed,MPIP1_172_184,4.786668074347703,PRKDC
Exposed,MPIP1_172_184,4.786668074347703,QIK
Exposed,MPIP1_172_184,4.786668074347703,RAD53
Exposed,MPIP1_172_184,4.786668074347703,RAF
Exposed,MPIP1_172_184,4.786668074347703,RSK
Exposed,MPIP1_172_184,4.786668074347703,VRK2
Exposed,MPIP3_208_220,3.6956963927029975,BARK1
Exposed,MPIP3_208_220,3.6956963927029975,BRSK
Exposed,MPIP3_208_220,3.6956963927029975,CAMK1
Exposed,MPIP3_208_220,3.6956963927029975,CDK
Exposed,MPIP3_208_220,3.6956963927029975,CHK1
Exposed,MPIP3_208_220,3.6956963927029975,DMPK
Exposed,MPIP3_208_220,3.6956963927029975,DYRK
Exposed,MPIP3_208_220,3.6956963927029975,ERK
Exposed,MPIP3_208_220,3.6956963927029975,IKK
Exposed,MPIP3_208_220,3.6956963927029975,JNK
Exposed,MPIP3_208_220,3.6956963927029975,MAPKAPK
Exposed,MPIP3_208_220,3.6956963927029975,MARK
Exposed,MPIP3_208_220,3.6956963927029975,MELK
Exposed,MPIP3_208_220,3.6956963927029975,P38
Exposed,MPIP3_208_220,3.6956963927029975,PDK1
Exposed,MPIP3_208_220,3.6956963927029975,PEK
Exposed,MPIP3_208_220,3.6956963927029975,PHK
Exposed,MPIP3_208_220,3.6956963927029975,PKCA
Exposed,MPIP3_208_220,3.6956963927029975,QIK
Exposed,MPIP3_208_220,3.6956963927029975,RAD53
Exposed,MPIP3_208_220,3.6956963927029975,RIPK
Exposed,MPIP3_208_220,3.6956963927029975,VRK2
Exposed,NEK2_172_184,3.0303827885610275,BARK1
Exposed,NEK2_172_184,3.0303827885610275,CAMK1
Exposed,NEK2_172_184,3.0303827885610275,CAMK2
Exposed,NEK2_172_184,3.0303827885610275,CDK
Exposed,NEK2_172_184,3.0303827885610275,DYRK
Exposed,NEK2_172_184,3.0303827885610275,ERK
Exposed,NEK2_172_184,3.0303827885610275,FRAY
Exposed,NEK2_172_184,3.0303827885610275,LKB
Exposed,NEK2_172_184,3.0303827885610275,MELK
Exposed,NEK2_172_184,3.0303827885610275,MST
Exposed,NEK2_172_184,3.0303827885610275,MTOR
Exposed,NEK2_172_184,3.0303827885610275,NEK
Exposed,NEK2_172_184,3.0303827885610275,P38
Exposed,NEK2_172_184,3.0303827885610275,PDHK
Exposed,NEK2_172_184,3.0303827885610275,PDK1
Exposed,NEK2_172_184,3.0303827885610275,PEK
Exposed,NEK2_172_184,3.0303827885610275,PKCA
Exposed,NEK2_172_184,3.0303827885610275,PKCH
Exposed,NEK2_172_184,3.0303827885610275,RSK
Exposed,NEK2_172_184,3.0303827885610275,STE11
Exposed,NEK2_172_184,3.0303827885610275,STE7
Exposed,NEK2_172_184,3.0303827885610275,VRK2
Exposed,NR4A1_344_356,4.4511234150293495,AKT
Exposed,NR4A1_344_356,4.4511234150293495,BARK1
Exposed,NR4A1_344_356,4.4511234150293495,CDK
Exposed,NR4A1_344_356,4.4511234150293495,DMPK
Exposed,NR4A1_344_356,4.4511234150293495,PHK
Exposed,NR4A1_344_356,4.4511234150293495,PIM
Exposed,NR4A1_344_356,4.4511234150293495,PKA
Exposed,NR4A1_344_356,4.4511234150293495,PKCA
Exposed,NR4A1_344_356,4.4511234150293495,RAF
Exposed,NR4A1_344_356,4.4511234150293495,RSK
Exposed,NR4A1_344_356,4.4511234150293495,VRK2
Exposed,PPR1A_28_40,7.529765739525701,AKT
Exposed,PPR1A_28_40,7.529765739525701,BARK1
Exposed,PPR1A_28_40,7.529765739525701,CDK
Exposed,PPR1A_28_40,7.529765739525701,DAPK
Exposed,PPR1A_28_40,7.529765739525701,DMPK
Exposed,PPR1A_28_40,7.529765739525701,DYRK
Exposed,PPR1A_28_40,7.529765739525701,GSK
Exposed,PPR1A_28_40,7.529765739525701,JNK
Exposed,PPR1A_28_40,7.529765739525701,P38
Exposed,PPR1A_28_40,7.529765739525701,PDK1
Exposed,PPR1A_28_40,7.529765739525701,PEK
Exposed,PPR1A_28_40,7.529765739525701,PHK
Exposed,PPR1A_28_40,7.529765739525701,PKA
Exposed,PPR1A_28_40,7.529765739525701,RSK
Exposed,PPR1A_28_40,7.529765739525701,VRK2
Exposed,RAF1_253_265,4.549718700579558,AKT
Exposed,RAF1_253_265,4.549718700579558,AMPK
Exposed,RAF1_253_265,4.549718700579558,BARK1
Exposed,RAF1_253_265,4.549718700579558,CAMK1
Exposed,RAF1_253_265,4.549718700579558,CDK
Exposed,RAF1_253_265,4.549718700579558,DAPK
Exposed,RAF1_253_265,4.549718700579558,DMPK
Exposed,RAF1_253_265,4.549718700579558,DYRK
Exposed,RAF1_253_265,4.549718700579558,ERK
Exposed,RAF1_253_265,4.549718700579558,JNK
Exposed,RAF1_253_265,4.549718700579558,MAPKAPK
Exposed,RAF1_253_265,4.549718700579558,MARK
Exposed,RAF1_253_265,4.549718700579558,NDR
Exposed,RAF1_253_265,4.549718700579558,P38
Exposed,RAF1_253_265,4.549718700579558,PAKA
Exposed,RAF1_253_265,4.549718700579558,PDK1
Exposed,RAF1_253_265,4.549718700579558,PHK
Exposed,RAF1_253_265,4.549718700579558,PKA
Exposed,RAF1_253_265,4.549718700579558,PKCA
Exposed,RAF1_253_265,4.549718700579558,PDHK
Exposed,RAF1_253_265,4.549718700579558,QIK
Exposed,RAF1_253_265,4.549718700579558,RAF
Exposed,RAF1_253_265,4.549718700579558,RIPK
Exposed,RAF1_253_265,4.549718700579558,RSK
Exposed,RAF1_253_265,4.549718700579558,SGK
Exposed,RAF1_253_265,4.549718700579558,VRK2
Exposed,RAP1B_172_184,6.233040945890714,AKT
Exposed,RAP1B_172_184,6.233040945890714,AMPK
Exposed,RAP1B_172_184,6.233040945890714,BARK1
Exposed,RAP1B_172_184,6.233040945890714,CDK
Exposed,RAP1B_172_184,6.233040945890714,DMPK
Exposed,RAP1B_172_184,6.233040945890714,IKK
Exposed,RAP1B_172_184,6.233040945890714,MAPKAPK
Exposed,RAP1B_172_184,6.233040945890714,PDHK
Exposed,RAP1B_172_184,6.233040945890714,PEK
Exposed,RAP1B_172_184,6.233040945890714,PHK
Exposed,RAP1B_172_184,6.233040945890714,PIM
Exposed,RAP1B_172_184,6.233040945890714,PKA
Exposed,RAP1B_172_184,6.233040945890714,PKCA
Exposed,RAP1B_172_184,6.233040945890714,PKG
Exposed,RAP1B_172_184,6.233040945890714,QIK
Exposed,RAP1B_172_184,6.233040945890714,RAD53
Exposed,RAP1B_172_184,6.233040945890714,RSK
Exposed,RAP1B_172_184,6.233040945890714,VRK2
Exposed,RBL2_655_667,4.619424960542367,BARK1
Exposed,RBL2_655_667,4.619424960542367,CDK
Exposed,RBL2_655_667,4.619424960542367,CK1
Exposed,RBL2_655_667,4.619424960542367,DMPK
Exposed,RBL2_655_667,4.619424960542367,DYRK
Exposed,RBL2_655_667,4.619424960542367,ERK
Exposed,RBL2_655_667,4.619424960542367,FRAY
Exposed,RBL2_655_667,4.619424960542367,GSK
Exposed,RBL2_655_667,4.619424960542367,IKK
Exposed,RBL2_655_667,4.619424960542367,JNK
Exposed,RBL2_655_667,4.619424960542367,MAPKAPK
Exposed,RBL2_655_667,4.619424960542367,MELK
Exposed,RBL2_655_667,4.619424960542367,MTOR
Exposed,RBL2_655_667,4.619424960542367,NEK
Exposed,RBL2_655_667,4.619424960542367,P38
Exposed,RBL2_655_667,4.619424960542367,PDK1
Exposed,RBL2_655_667,4.619424960542367,PEK
Exposed,RBL2_655_667,4.619424960542367,PHK
Exposed,RBL2_655_667,4.619424960542367,PIM
Exposed,RBL2_655_667,4.619424960542367,PKCA
Exposed,RBL2_655_667,4.619424960542367,PKD
Exposed,RBL2_655_667,4.619424960542367,PLK
Exposed,RBL2_655_667,4.619424960542367,QIK
Exposed,RBL2_655_667,4.619424960542367,RAD53
Exposed,RBL2_655_667,4.619424960542367,RAF
Exposed,RBL2_655_667,4.619424960542367,RIPK
Exposed,RBL2_655_667,4.619424960542367,STE7
Exposed,RBL2_655_667,4.619424960542367,VRK2
Exposed,RB_242_254,4.402927613348797,BARK1
Exposed,RB_242_254,4.402927613348797,CDK
Exposed,RB_242_254,4.402927613348797,DYRK
Exposed,RB_242_254,4.402927613348797,ERK
Exposed,RB_242_254,4.402927613348797,IRAK
Exposed,RB_242_254,4.402927613348797,P38
Exposed,RB_242_254,4.402927613348797,PDK1
Exposed,RB_242_254,4.402927613348797,PEK
Exposed,RB_242_254,4.402927613348797,PKCA
Exposed,RB_242_254,4.402927613348797,PLK
Exposed,RB_242_254,4.402927613348797,VRK2
Exposed,RB_803_815,3.7991021334339763,BARK1
Exposed,RB_803_815,3.7991021334339763,CDK
Exposed,RB_803_815,3.7991021334339763,CK1
Exposed,RB_803_815,3.7991021334339763,DYRK
Exposed,RB_803_815,3.7991021334339763,ERK
Exposed,RB_803_815,3.7991021334339763,JNK
Exposed,RB_803_815,3.7991021334339763,QIK
Exposed,RB_803_815,3.7991021334339763,VRK2
Control,ACM1_444_456,3.5540968440503238,BARK1
Control,ACM1_444_456,3.5540968440503238,CDK
Control,ACM1_444_456,3.5540968440503238,CK1
Control,ACM1_444_456,3.5540968440503238,DAPK
Control,ACM1_444_456,3.5540968440503238,DMPK
Control,ACM1_444_456,3.5540968440503238,DYRK
Control,ACM1_444_456,3.5540968440503238,ERK
Control,ACM1_444_456,3.5540968440503238,GSK
Control,ACM1_444_456,3.5540968440503238,IRAK
Control,ACM1_444_456,3.5540968440503238,JNK
Control,ACM1_444_456,3.5540968440503238,MLCK
Control,ACM1_444_456,3.5540968440503238,P38
Control,ACM1_444_456,3.5540968440503238,PDK1
Control,ACM1_444_456,3.5540968440503238,PEK
Control,ACM1_444_456,3.5540968440503238,PHK
Control,ACM1_444_456,3.5540968440503238,PIM
Control,ACM1_444_456,3.5540968440503238,PKCA
Control,ACM1_444_456,3.5540968440503238,RSK
Control,ACM1_444_456,3.5540968440503238,VRK2
Control,ACM4_456_468,3.7079322776072634,BARK1
Control,ACM4_456_468,3.7079322776072634,FRAY
Control,ACM4_456_468,3.7079322776072634,MELK
Control,ACM4_456_468,3.7079322776072634,PDHK
Control,ACM4_456_468,3.7079322776072634,PDK1
Control,ACM4_456_468,3.7079322776072634,PIM
Control,ACM4_456_468,3.7079322776072634,PKCA
Control,ACM4_456_468,3.7079322776072634,PKCH
Control,ACM4_456_468,3.7079322776072634,VRK2
Control,ACM5_494_506,5.301269310397216,BARK1
Control,ACM5_494_506,5.301269310397216,FRAY
Control,ACM5_494_506,5.301269310397216,PDHK
Control,ACM5_494_506,5.301269310397216,PDK1
Control,ACM5_494_506,5.301269310397216,PEK
Control,ACM5_494_506,5.301269310397216,PKCA
Control,ACM5_494_506,5.301269310397216,VRK2
Control,ACM5_494_506,5.301269310397216,WNK
Control,ACM5_498_510,4.579005419822585,BARK1
Control,ACM5_498_510,4.579005419822585,FRAY
Control,ACM5_498_510,4.579005419822585,MLK
Control,ACM5_498_510,4.579005419822585,PDHK
Control,ACM5_498_510,4.579005419822585,PDK1
Control,ACM5_498_510,4.579005419822585,PEK
Control,ACM5_498_510,4.579005419822585,PKCA
Control,ACM5_498_510,4.579005419822585,PKCH
Control,ACM5_498_510,4.579005419822585,VRK2
Control,ADDB_706_718,4.415053091502576,BARK1
Control,ADDB_706_718,4.415053091502576,CDK
Control,ADDB_706_718,4.415053091502576,CHK1
Control,ADDB_706_718,4.415053091502576,DMPK
Control,ADDB_706_718,4.415053091502576,DYRK
Control,ADDB_706_718,4.415053091502576,ERK
Control,ADDB_706_718,4.415053091502576,JNK
Control,ADDB_706_718,4.415053091502576,MAPKAPK
Control,ADDB_706_718,4.415053091502576,MST
Control,ADDB_706_718,4.415053091502576,NEK
Control,ADDB_706_718,4.415053091502576,P38
Control,ADDB_706_718,4.415053091502576,PAKA
Control,ADDB_706_718,4.415053091502576,PDHK
Control,ADDB_706_718,4.415053091502576,PDK1
Control,ADDB_706_718,4.415053091502576,PEK
Control,ADDB_706_718,4.415053091502576,PHK
Control,ADDB_706_718,4.415053091502576,PIM
Control,ADDB_706_718,4.415053091502576,PKCA
Control,ADDB_706_718,4.415053091502576,PLK
Control,ADDB_706_718,4.415053091502576,RAD53
Control,ADDB_706_718,4.415053091502576,RSK
Control,ADDB_706_718,4.415053091502576,VRK2
Control,BAD_69_81,4.8632978004027,AKT
Control,BAD_69_81,4.8632978004027,BARK1
Control,BAD_69_81,4.8632978004027,CDK
Control,BAD_69_81,4.8632978004027,DMPK
Control,BAD_69_81,4.8632978004027,ERK
Control,BAD_69_81,4.8632978004027,MELK
Control,BAD_69_81,4.8632978004027,MTOR
Control,BAD_69_81,4.8632978004027,PAKA
Control,BAD_69_81,4.8632978004027,PAKB
Control,BAD_69_81,4.8632978004027,PDHK
Control,BAD_69_81,4.8632978004027,PDK1
Control,BAD_69_81,4.8632978004027,PEK
Control,BAD_69_81,4.8632978004027,PHK
Control,BAD_69_81,4.8632978004027,PIM
Control,BAD_69_81,4.8632978004027,PKA
Control,BAD_69_81,4.8632978004027,PKCA
Control,BAD_69_81,4.8632978004027,PKCI
Control,BAD_69_81,4.8632978004027,PKD
Control,BAD_69_81,4.8632978004027,PKG
Control,BAD_69_81,4.8632978004027,QIK
Control,BAD_69_81,4.8632978004027,RAD53
Control,BAD_69_81,4.8632978004027,RAF
Control,BAD_69_81,4.8632978004027,RSK
Control,BAD_69_81,4.8632978004027,SGK
Control,BAD_69_81,4.8632978004027,VRK2
Control,BAD_93_105,6.358989587237186,AKT
Control,BAD_93_105,6.358989587237186,BARK1
Control,BAD_93_105,6.358989587237186,DMPK
Control,BAD_93_105,6.358989587237186,MAPKAPK
Control,BAD_93_105,6.358989587237186,PAKA
Control,BAD_93_105,6.358989587237186,PHK
Control,BAD_93_105,6.358989587237186,PIM
Control,BAD_93_105,6.358989587237186,PKA
Control,BAD_93_105,6.358989587237186,PKCA
Control,BAD_93_105,6.358989587237186,PKCI
Control,BAD_93_105,6.358989587237186,PKD
Control,BAD_93_105,6.358989587237186,PKG
Control,BAD_93_105,6.358989587237186,QIK
Control,BAD_93_105,6.358989587237186,RAF
Control,BAD_93_105,6.358989587237186,RSK
Control,BAD_93_105,6.358989587237186,SGK
Control,BAD_93_105,6.358989587237186,VRK2
Control,BCKD_45_57,3.1644881742995787,AKT
Control,BCKD_45_57,3.1644881742995787,BARK1
Control,BCKD_45_57,3.1644881742995787,CDK
Control,BCKD_45_57,3.1644881742995787,DMPK
Control,BCKD_45_57,3.1644881742995787,FRAY
Control,BCKD_45_57,3.1644881742995787,GRK
Control,BCKD_45_57,3.1644881742995787,IKK
Control,BCKD_45_57,3.1644881742995787,MAPKAPK
Control,BCKD_45_57,3.1644881742995787,MELK
Control,BCKD_45_57,3.1644881742995787,MLCK
Control,BCKD_45_57,3.1644881742995787,MST
Control,BCKD_45_57,3.1644881742995787,PAKA
Control,BCKD_45_57,3.1644881742995787,PDHK
Control,BCKD_45_57,3.1644881742995787,PDK1
Control,BCKD_45_57,3.1644881742995787,PEK
Control,BCKD_45_57,3.1644881742995787,PHK
Control,BCKD_45_57,3.1644881742995787,PIM
Control,BCKD_45_57,3.1644881742995787,PKA
Control,BCKD_45_57,3.1644881742995787,PKCA
Control,BCKD_45_57,3.1644881742995787,PKG
Control,BCKD_45_57,3.1644881742995787,PLK
Control,BCKD_45_57,3.1644881742995787,QIK
Control,BCKD_45_57,3.1644881742995787,RSK
Control,BCKD_45_57,3.1644881742995787,SGK
Control,BCKD_45_57,3.1644881742995787,STE7
Control,BCKD_45_57,3.1644881742995787,VRK2
Control,CA2D1_494_506,4.305579451718177,BARK1
Control,CA2D1_494_506,4.305579451718177,DMPK
Control,CA2D1_494_506,4.305579451718177,DYRK
Control,CA2D1_494_506,4.305579451718177,ERK
Control,CA2D1_494_506,4.305579451718177,PAKA
Control,CA2D1_494_506,4.305579451718177,PEK
Control,CA2D1_494_506,4.305579451718177,PKCA
Control,CA2D1_494_506,4.305579451718177,PKCH
Control,CA2D1_494_506,4.305579451718177,PKN
Control,CA2D1_494_506,4.305579451718177,RAD53
Control,CA2D1_494_506,4.305579451718177,VRK2
Control,CD27_212_224,3.866952293035467,AKT
Control,CD27_212_224,3.866952293035467,BARK1
Control,CD27_212_224,3.866952293035467,CDK
Control,CD27_212_224,3.866952293035467,DMPK
Control,CD27_212_224,3.866952293035467,ERK
Control,CD27_212_224,3.866952293035467,IKK
Control,CD27_212_224,3.866952293035467,JNK
Control,CD27_212_224,3.866952293035467,P38
Control,CD27_212_224,3.866952293035467,PDHK
Control,CD27_212_224,3.866952293035467,PEK
Control,CD27_212_224,3.866952293035467,PHK
Control,CD27_212_224,3.866952293035467,PIM
Control,CD27_212_224,3.866952293035467,PKCA
Control,CD27_212_224,3.866952293035467,PKD
Control,CD27_212_224,3.866952293035467,QIK
Control,CD27_212_224,3.866952293035467,RSK
Control,CD27_212_224,3.866952293035467,VRK2
Control,CENPA_1_14,6.925105177187381,AUR
Control,CENPA_1_14,6.925105177187381,BARK1
Control,CENPA_1_14,6.925105177187381,DMPK
Control,CENPA_1_14,6.925105177187381,MAPKAPK
Control,CENPA_1_14,6.925105177187381,PIM
Control,CENPA_1_14,6.925105177187381,PKCA
Control,CENPA_1_14,6.925105177187381,PKG
Control,CENPA_1_14,6.925105177187381,VRK2
Control,DCX_49_61,3.4502510668915307,BARK1
Control,DCX_49_61,3.4502510668915307,CDK
Control,DCX_49_61,3.4502510668915307,CK1
Control,DCX_49_61,3.4502510668915307,ERK
Control,DCX_49_61,3.4502510668915307,MAPKAPK
Control,DCX_49_61,3.4502510668915307,PEK
Control,DCX_49_61,3.4502510668915307,PIM
Control,DCX_49_61,3.4502510668915307,PKCA
Control,DCX_49_61,3.4502510668915307,PKCH
Control,DCX_49_61,3.4502510668915307,QIK
Control,DCX_49_61,3.4502510668915307,RSK
Control,DCX_49_61,3.4502510668915307,VRK2
Control,ERBB2_679_691,7.016959373902356,BARK1
Control,ERBB2_679_691,7.016959373902356,DMPK
Control,ERBB2_679_691,7.016959373902356,PHK
Control,ERBB2_679_691,7.016959373902356,PIM
Control,ERBB2_679_691,7.016959373902356,PKA
Control,ERBB2_679_691,7.016959373902356,PKCA
Control,ERBB2_679_691,7.016959373902356,PKCD
Control,ERBB2_679_691,7.016959373902356,PKCH
Control,ERBB2_679_691,7.016959373902356,PKG
Control,ERBB2_679_691,7.016959373902356,RSK
Control,ERBB2_679_691,7.016959373902356,VRK2
Control,FIBA_569_581,3.059618097796987,BARK1
Control,FIBA_569_581,3.059618097796987,CDK
Control,FIBA_569_581,3.059618097796987,CK1
Control,FIBA_569_581,3.059618097796987,DAPK
Control,FIBA_569_581,3.059618097796987,DMPK
Control,FIBA_569_581,3.059618097796987,ERK
Control,FIBA_569_581,3.059618097796987,GSK
Control,FIBA_569_581,3.059618097796987,HAL
Control,FIBA_569_581,3.059618097796987,IKK
Control,FIBA_569_581,3.059618097796987,JNK
Control,FIBA_569_581,3.059618097796987,MLCK
Control,FIBA_569_581,3.059618097796987,MST
Control,FIBA_569_581,3.059618097796987,PDHK
Control,FIBA_569_581,3.059618097796987,PEK
Control,FIBA_569_581,3.059618097796987,PHK
Control,FIBA_569_581,3.059618097796987,PIM
Control,FIBA_569_581,3.059618097796987,PKA
Control,FIBA_569_581,3.059618097796987,PKCA
Control,FIBA_569_581,3.059618097796987,PKG
Control,FIBA_569_581,3.059618097796987,PLK
Control,FIBA_569_581,3.059618097796987,QIK
Control,FIBA_569_581,3.059618097796987,RAF
Control,FIBA_569_581,3.059618097796987,RIPK
Control,FIBA_569_581,3.059618097796987,RSK
Control,FIBA_569_581,3.059618097796987,SGK
Control,FIBA_569_581,3.059618097796987,STE7
Control,FIBA_569_581,3.059618097796987,VRK2
Control,FOXO3_25_37,5.6133335579926245,AKT
Control,FOXO3_25_37,5.6133335579926245,BARK1
Control,FOXO3_25_37,5.6133335579926245,CDK
Control,FOXO3_25_37,5.6133335579926245,ERK
Control,FOXO3_25_37,5.6133335579926245,MAPKAPK
Control,FOXO3_25_37,5.6133335579926245,P38
Control,FOXO3_25_37,5.6133335579926245,PHK
Control,FOXO3_25_37,5.6133335579926245,PIM
Control,FOXO3_25_37,5.6133335579926245,PKCA
Control,FOXO3_25_37,5.6133335579926245,QIK
Control,FOXO3_25_37,5.6133335579926245,RAF
Control,FOXO3_25_37,5.6133335579926245,RSK
Control,FOXO3_25_37,5.6133335579926245,SGK
Control,FOXO3_25_37,5.6133335579926245,VRK2
Control,H2B1B_ 27_40,5.797574159005621,AKT
Control,H2B1B_ 27_40,5.797574159005621,AMPK
Control,H2B1B_ 27_40,5.797574159005621,BARK1
Control,H2B1B_ 27_40,5.797574159005621,CAMK1
Control,H2B1B_ 27_40,5.797574159005621,CDK
Control,H2B1B_ 27_40,5.797574159005621,COT
Control,H2B1B_ 27_40,5.797574159005621,DAPK
Control,H2B1B_ 27_40,5.797574159005621,DMPK
Control,H2B1B_ 27_40,5.797574159005621,IKK
Control,H2B1B_ 27_40,5.797574159005621,MLK
Control,H2B1B_ 27_40,5.797574159005621,MST
Control,H2B1B_ 27_40,5.797574159005621,PAKA
Control,H2B1B_ 27_40,5.797574159005621,PAKB
Control,H2B1B_ 27_40,5.797574159005621,PDHK
Control,H2B1B_ 27_40,5.797574159005621,PEK
Control,H2B1B_ 27_40,5.797574159005621,PHK
Control,H2B1B_ 27_40,5.797574159005621,PIM
Control,H2B1B_ 27_40,5.797574159005621,PKA
Control,H2B1B_ 27_40,5.797574159005621,PKCA
Control,H2B1B_ 27_40,5.797574159005621,PKCH
Control,H2B1B_ 27_40,5.797574159005621,PKD
Control,H2B1B_ 27_40,5.797574159005621,PKG
Control,H2B1B_ 27_40,5.797574159005621,PLK
Control,H2B1B_ 27_40,5.797574159005621,QIK
Control,H2B1B_ 27_40,5.797574159005621,RAD53
Control,H2B1B_ 27_40,5.797574159005621,RSK
Control,H2B1B_ 27_40,5.797574159005621,SGK
Control,H2B1B_ 27_40,5.797574159005621,VRK2
Control,H32_3_18,5.040430104579589,AMPK
Control,H32_3_18,5.040430104579589,ATR
Control,H32_3_18,5.040430104579589,AUR
Control,H32_3_18,5.040430104579589,BARK1
Control,H32_3_18,5.040430104579589,DAPK
Control,H32_3_18,5.040430104579589,DMPK
Control,H32_3_18,5.040430104579589,DYRK
Control,H32_3_18,5.040430104579589,MLK
Control,H32_3_18,5.040430104579589,MST
Control,H32_3_18,5.040430104579589,MTOR
Control,H32_3_18,5.040430104579589,PHK
Control,H32_3_18,5.040430104579589,PIM
Control,H32_3_18,5.040430104579589,PKCA
Control,H32_3_18,5.040430104579589,PKCD
Control,H32_3_18,5.040430104579589,PRKDC
Control,H32_3_18,5.040430104579589,QIK
Control,H32_3_18,5.040430104579589,RAD53
Control,H32_3_18,5.040430104579589,RSK
Control,H32_3_18,5.040430104579589,STE7
Control,H32_3_18,5.040430104579589,VRK1
Control,H32_3_18,5.040430104579589,VRK2
Control,IF4E_203_215,3.277350461860637,BARK1
Control,IF4E_203_215,3.277350461860637,CDK
Control,IF4E_203_215,3.277350461860637,DMPK
Control,IF4E_203_215,3.277350461860637,ERK
Control,IF4E_203_215,3.277350461860637,GRK
Control,IF4E_203_215,3.277350461860637,IKK
Control,IF4E_203_215,3.277350461860637,LKB
Control,IF4E_203_215,3.277350461860637,MAPKAPK
Control,IF4E_203_215,3.277350461860637,MLK
Control,IF4E_203_215,3.277350461860637,P38
Control,IF4E_203_215,3.277350461860637,PEK
Control,IF4E_203_215,3.277350461860637,PKCA
Control,IF4E_203_215,3.277350461860637,QIK
Control,IF4E_203_215,3.277350461860637,RIPK
Control,IF4E_203_215,3.277350461860637,STKR
Control,IF4E_203_215,3.277350461860637,VRK1
Control,IF4E_203_215,3.277350461860637,VRK2
Control,KAPCG_192_206,3.0178853898611155,BARK1
Control,KAPCG_192_206,3.0178853898611155,CAMK2
Control,KAPCG_192_206,3.0178853898611155,CDK
Control,KAPCG_192_206,3.0178853898611155,DMPK
Control,KAPCG_192_206,3.0178853898611155,DYRK
Control,KAPCG_192_206,3.0178853898611155,ERK
Control,KAPCG_192_206,3.0178853898611155,GSK
Control,KAPCG_192_206,3.0178853898611155,IKK
Control,KAPCG_192_206,3.0178853898611155,IRAK
Control,KAPCG_192_206,3.0178853898611155,LKB
Control,KAPCG_192_206,3.0178853898611155,MELK
Control,KAPCG_192_206,3.0178853898611155,MST
Control,KAPCG_192_206,3.0178853898611155,MTOR
Control,KAPCG_192_206,3.0178853898611155,PDHK
Control,KAPCG_192_206,3.0178853898611155,PDK1
Control,KAPCG_192_206,3.0178853898611155,PHK
Control,KAPCG_192_206,3.0178853898611155,PIM
Control,KAPCG_192_206,3.0178853898611155,PKCH
Control,KAPCG_192_206,3.0178853898611155,VRK2
Control,KS6A1_374_386,3.864945276873483,BARK1
Control,KS6A1_374_386,3.864945276873483,COT
Control,KS6A1_374_386,3.864945276873483,FRAY
Control,KS6A1_374_386,3.864945276873483,MAPKAPK
Control,KS6A1_374_386,3.864945276873483,MSN
Control,KS6A1_374_386,3.864945276873483,MTOR
Control,KS6A1_374_386,3.864945276873483,PDHK
Control,KS6A1_374_386,3.864945276873483,PDK1
Control,KS6A1_374_386,3.864945276873483,PEK
Control,KS6A1_374_386,3.864945276873483,PHK
Control,KS6A1_374_386,3.864945276873483,PIM
Control,KS6A1_374_386,3.864945276873483,PKCA
Control,KS6A1_374_386,3.864945276873483,RAD53
Control,KS6A1_374_386,3.864945276873483,RSK
Control,KS6A1_374_386,3.864945276873483,STE7
Control,KS6A1_374_386,3.864945276873483,VRK2
Control,MARCS_152_164,3.3458056981616693,BARK1
Control,MARCS_152_164,3.3458056981616693,CDK
Control,MARCS_152_164,3.3458056981616693,DAPK
Control,MARCS_152_164,3.3458056981616693,DMPK
Control,MARCS_152_164,3.3458056981616693,ERK
Control,MARCS_152_164,3.3458056981616693,JNK
Control,MARCS_152_164,3.3458056981616693,P38
Control,MARCS_152_164,3.3458056981616693,PAKA
Control,MARCS_152_164,3.3458056981616693,PDHK
Control,MARCS_152_164,3.3458056981616693,PDK1
Control,MARCS_152_164,3.3458056981616693,PEK
Control,MARCS_152_164,3.3458056981616693,PHK
Control,MARCS_152_164,3.3458056981616693,PKA
Control,MARCS_152_164,3.3458056981616693,PKCA
Control,MARCS_152_164,3.3458056981616693,PKCH
Control,MARCS_152_164,3.3458056981616693,PKCI
Control,MARCS_152_164,3.3458056981616693,PKD
Control,MARCS_152_164,3.3458056981616693,PKG
Control,MARCS_152_164,3.3458056981616693,PKN
Control,MARCS_152_164,3.3458056981616693,RAD53
Control,MARCS_152_164,3.3458056981616693,VRK2
Control,MBP_222_234,4.787503068801705,BARK1
Control,MBP_222_234,4.787503068801705,CDK
Control,MBP_222_234,4.787503068801705,DYRK
Control,MBP_222_234,4.787503068801705,ERK
Control,MBP_222_234,4.787503068801705,GSK
Control,MBP_222_234,4.787503068801705,JNK
Control,MBP_222_234,4.787503068801705,MTOR
Control,MBP_222_234,4.787503068801705,PDK1
Control,MBP_222_234,4.787503068801705,PEK
Control,MBP_222_234,4.787503068801705,VRK2
Control,MP2K1_287_299,4.384164694319264,BARK1
Control,MP2K1_287_299,4.384164694319264,CDK
Control,MP2K1_287_299,4.384164694319264,DMPK
Control,MP2K1_287_299,4.384164694319264,DYRK
Control,MP2K1_287_299,4.384164694319264,ERK
Control,MP2K1_287_299,4.384164694319264,JNK
Control,MP2K1_287_299,4.384164694319264,MAPKAPK
Control,MP2K1_287_299,4.384164694319264,P38
Control,MP2K1_287_299,4.384164694319264,PAKA
Control,MP2K1_287_299,4.384164694319264,PDHK
Control,MP2K1_287_299,4.384164694319264,PDK1
Control,MP2K1_287_299,4.384164694319264,PEK
Control,MP2K1_287_299,4.384164694319264,PHK
Control,MP2K1_287_299,4.384164694319264,PIM
Control,MP2K1_287_299,4.384164694319264,PKCA
Control,MP2K1_287_299,4.384164694319264,PKD
Control,MP2K1_287_299,4.384164694319264,STE7
Control,MP2K1_287_299,4.384164694319264,VRK2
Control,MPIP1_172_184,4.564336165151877,ATR
Control,MPIP1_172_184,4.564336165151877,BARK1
Control,MPIP1_172_184,4.564336165151877,CHK1
Control,MPIP1_172_184,4.564336165151877,DMPK
Control,MPIP1_172_184,4.564336165151877,MAPKAPK
Control,MPIP1_172_184,4.564336165151877,PHK
Control,MPIP1_172_184,4.564336165151877,PIM
Control,MPIP1_172_184,4.564336165151877,PKCA
Control,MPIP1_172_184,4.564336165151877,PRKDC
Control,MPIP1_172_184,4.564336165151877,QIK
Control,MPIP1_172_184,4.564336165151877,RAD53
Control,MPIP1_172_184,4.564336165151877,RAF
Control,MPIP1_172_184,4.564336165151877,RSK
Control,MPIP1_172_184,4.564336165151877,VRK2
Control,MPIP3_208_220,3.6400548662820267,BARK1
Control,MPIP3_208_220,3.6400548662820267,BRSK
Control,MPIP3_208_220,3.6400548662820267,CAMK1
Control,MPIP3_208_220,3.6400548662820267,CDK
Control,MPIP3_208_220,3.6400548662820267,CHK1
Control,MPIP3_208_220,3.6400548662820267,DMPK
Control,MPIP3_208_220,3.6400548662820267,DYRK
Control,MPIP3_208_220,3.6400548662820267,ERK
Control,MPIP3_208_220,3.6400548662820267,IKK
Control,MPIP3_208_220,3.6400548662820267,JNK
Control,MPIP3_208_220,3.6400548662820267,MAPKAPK
Control,MPIP3_208_220,3.6400548662820267,MARK
Control,MPIP3_208_220,3.6400548662820267,MELK
Control,MPIP3_208_220,3.6400548662820267,P38
Control,MPIP3_208_220,3.6400548662820267,PDK1
Control,MPIP3_208_220,3.6400548662820267,PEK
Control,MPIP3_208_220,3.6400548662820267,PHK
Control,MPIP3_208_220,3.6400548662820267,PKCA
Control,MPIP3_208_220,3.6400548662820267,QIK
Control,MPIP3_208_220,3.6400548662820267,RAD53
Control,MPIP3_208_220,3.6400548662820267,RIPK
Control,MPIP3_208_220,3.6400548662820267,VRK2
Control,NEK2_172_184,3.0817008539266437,BARK1
Control,NEK2_172_184,3.0817008539266437,CAMK1
Control,NEK2_172_184,3.0817008539266437,CAMK2
Control,NEK2_172_184,3.0817008539266437,CDK
Control,NEK2_172_184,3.0817008539266437,DYRK
Control,NEK2_172_184,3.0817008539266437,ERK
Control,NEK2_172_184,3.0817008539266437,FRAY
Control,NEK2_172_184,3.0817008539266437,LKB
Control,NEK2_172_184,3.0817008539266437,MELK
Control,NEK2_172_184,3.0817008539266437,MST
Control,NEK2_172_184,3.0817008539266437,MTOR
Control,NEK2_172_184,3.0817008539266437,NEK
Control,NEK2_172_184,3.0817008539266437,P38
Control,NEK2_172_184,3.0817008539266437,PDHK
Control,NEK2_172_184,3.0817008539266437,PDK1
Control,NEK2_172_184,3.0817008539266437,PEK
Control,NEK2_172_184,3.0817008539266437,PKCA
Control,NEK2_172_184,3.0817008539266437,PKCH
Control,NEK2_172_184,3.0817008539266437,RSK
Control,NEK2_172_184,3.0817008539266437,STE11
Control,NEK2_172_184,3.0817008539266437,STE7
Control,NEK2_172_184,3.0817008539266437,VRK2
Control,NR4A1_344_356,4.333984743361361,AKT
Control,NR4A1_344_356,4.333984743361361,BARK1
Control,NR4A1_344_356,4.333984743361361,CDK
Control,NR4A1_344_356,4.333984743361361,DMPK
Control,NR4A1_344_356,4.333984743361361,PHK
Control,NR4A1_344_356,4.333984743361361,PIM
Control,NR4A1_344_356,4.333984743361361,PKA
Control,NR4A1_344_356,4.333984743361361,PKCA
Control,NR4A1_344_356,4.333984743361361,RAF
Control,NR4A1_344_356,4.333984743361361,RSK
Control,NR4A1_344_356,4.333984743361361,VRK2
Control,PPR1A_28_40,7.304036060975602,AKT
Control,PPR1A_28_40,7.304036060975602,BARK1
Control,PPR1A_28_40,7.304036060975602,CDK
Control,PPR1A_28_40,7.304036060975602,DAPK
Control,PPR1A_28_40,7.304036060975602,DMPK
Control,PPR1A_28_40,7.304036060975602,DYRK
Control,PPR1A_28_40,7.304036060975602,GSK
Control,PPR1A_28_40,7.304036060975602,JNK
Control,PPR1A_28_40,7.304036060975602,P38
Control,PPR1A_28_40,7.304036060975602,PDK1
Control,PPR1A_28_40,7.304036060975602,PEK
Control,PPR1A_28_40,7.304036060975602,PHK
Control,PPR1A_28_40,7.304036060975602,PKA
Control,PPR1A_28_40,7.304036060975602,RSK
Control,PPR1A_28_40,7.304036060975602,VRK2
Control,RAF1_253_265,4.406584796019874,AKT
Control,RAF1_253_265,4.406584796019874,AMPK
Control,RAF1_253_265,4.406584796019874,BARK1
Control,RAF1_253_265,4.406584796019874,CAMK1
Control,RAF1_253_265,4.406584796019874,CDK
Control,RAF1_253_265,4.406584796019874,DAPK
Control,RAF1_253_265,4.406584796019874,DMPK
Control,RAF1_253_265,4.406584796019874,DYRK
Control,RAF1_253_265,4.406584796019874,ERK
Control,RAF1_253_265,4.406584796019874,JNK
Control,RAF1_253_265,4.406584796019874,MAPKAPK
Control,RAF1_253_265,4.406584796019874,MARK
Control,RAF1_253_265,4.406584796019874,NDR
Control,RAF1_253_265,4.406584796019874,P38
Control,RAF1_253_265,4.406584796019874,PAKA
Control,RAF1_253_265,4.406584796019874,PDK1
Control,RAF1_253_265,4.406584796019874,PHK
Control,RAF1_253_265,4.406584796019874,PKA
Control,RAF1_253_265,4.406584796019874,PKCA
Control,RAF1_253_265,4.406584796019874,PDHK
Control,RAF1_253_265,4.406584796019874,QIK
Control,RAF1_253_265,4.406584796019874,RAF
Control,RAF1_253_265,4.406584796019874,RIPK
Control,RAF1_253_265,4.406584796019874,RSK
Control,RAF1_253_265,4.406584796019874,SGK
Control,RAF1_253_265,4.406584796019874,VRK2
Control,RAP1B_172_184,5.908139237721642,AKT
Control,RAP1B_172_184,5.908139237721642,AMPK
Control,RAP1B_172_184,5.908139237721642,BARK1
Control,RAP1B_172_184,5.908139237721642,CDK
Control,RAP1B_172_184,5.908139237721642,DMPK
Control,RAP1B_172_184,5.908139237721642,IKK
Control,RAP1B_172_184,5.908139237721642,MAPKAPK
Control,RAP1B_172_184,5.908139237721642,PDHK
Control,RAP1B_172_184,5.908139237721642,PEK
Control,RAP1B_172_184,5.908139237721642,PHK
Control,RAP1B_172_184,5.908139237721642,PIM
Control,RAP1B_172_184,5.908139237721642,PKA
Control,RAP1B_172_184,5.908139237721642,PKCA
Control,RAP1B_172_184,5.908139237721642,PKG
Control,RAP1B_172_184,5.908139237721642,QIK
Control,RAP1B_172_184,5.908139237721642,RAD53
Control,RAP1B_172_184,5.908139237721642,RSK
Control,RAP1B_172_184,5.908139237721642,VRK2
Control,RBL2_655_667,4.474359792606606,BARK1
Control,RBL2_655_667,4.474359792606606,CDK
Control,RBL2_655_667,4.474359792606606,CK1
Control,RBL2_655_667,4.474359792606606,DMPK
Control,RBL2_655_667,4.474359792606606,DYRK
Control,RBL2_655_667,4.474359792606606,ERK
Control,RBL2_655_667,4.474359792606606,FRAY
Control,RBL2_655_667,4.474359792606606,GSK
Control,RBL2_655_667,4.474359792606606,IKK
Control,RBL2_655_667,4.474359792606606,JNK
Control,RBL2_655_667,4.474359792606606,MAPKAPK
Control,RBL2_655_667,4.474359792606606,MELK
Control,RBL2_655_667,4.474359792606606,MTOR
Control,RBL2_655_667,4.474359792606606,NEK
Control,RBL2_655_667,4.474359792606606,P38
Control,RBL2_655_667,4.474359792606606,PDK1
Control,RBL2_655_667,4.474359792606606,PEK
Control,RBL2_655_667,4.474359792606606,PHK
Control,RBL2_655_667,4.474359792606606,PIM
Control,RBL2_655_667,4.474359792606606,PKCA
Control,RBL2_655_667,4.474359792606606,PKD
Control,RBL2_655_667,4.474359792606606,PLK
Control,RBL2_655_667,4.474359792606606,QIK
Control,RBL2_655_667,4.474359792606606,RAD53
Control,RBL2_655_667,4.474359792606606,RAF
Control,RBL2_655_667,4.474359792606606,RIPK
Control,RBL2_655_667,4.474359792606606,STE7
Control,RBL2_655_667,4.474359792606606,VRK2
Control,RB_242_254,4.162707866613121,BARK1
Control,RB_242_254,4.162707866613121,CDK
Control,RB_242_254,4.162707866613121,DYRK
Control,RB_242_254,4.162707866613121,ERK
Control,RB_242_254,4.162707866613121,IRAK
Control,RB_242_254,4.162707866613121,P38
Control,RB_242_254,4.162707866613121,PDK1
Control,RB_242_254,4.162707866613121,PEK
Control,RB_242_254,4.162707866613121,PKCA
Control,RB_242_254,4.162707866613121,PLK
Control,RB_242_254,4.162707866613121,VRK2
Control,RB_803_815,3.689354761725966,BARK1
Control,RB_803_815,3.689354761725966,CDK
Control,RB_803_815,3.689354761725966,CK1
Control,RB_803_815,3.689354761725966,DYRK
Control,RB_803_815,3.689354761725966,ERK
Control,RB_803_815,3.689354761725966,JNK
Control,RB_803_815,3.689354761725966,QIK
Control,RB_803_815,3.689354761725966,VRK2
