Kinase,Score,Rank,Method,Perc,Qrt,group,KinaseFamily,subfamily,hgnc_symbol
PTK2,-39.678167654362376,9,PTM-SEA,0.7837837837837838,4,TK,FAK,NA,PTK2
JAK2,4.624871575405073,23,PTM-SEA,0.40540540540540543,2,TK,JAKA,NA,JAK2
ABL1,27.70220808768136,12,PTM-SEA,0.7027027027027027,3,TK,ABL,NA,ABL1
EGFR,14.307034428176774,15,PTM-SEA,0.6216216216216216,3,TK,EGFR,NA,EGFR
ERBB2,34.04668416987582,10,PTM-SEA,0.7567567567567568,4,TK,EGFR,NA,ERBB2
INSR,8.892181076276028,20,PTM-SEA,0.4864864864864865,2,TK,INSR,NA,INSR
LCK,0.7269161578885082,27,PTM-SEA,0.2972972972972973,2,TK,SRC,SRCB,LCK
FYN,-7.244295679702562,22,PTM-SEA,0.43243243243243246,2,TK,SRC,SRCA,FYN
YES1,-13.564803845882906,16,PTM-SEA,0.5945945945945946,3,TK,SRC,SRCA,YES1
LYN,-3.703737033348899,25,PTM-SEA,0.35135135135135137,2,TK,SRC,SRCB,LYN
RET,13.311401280925171,17,PTM-SEA,0.5675675675675675,3,TK,RET,NA,RET
IGF1R,62.56057200188653,1,PTM-SEA,1,4,TK,INSR,NA,IGF1R
MET,-1.764744182423117,26,PTM-SEA,0.32432432432432434,2,TK,MET,NA,MET
ROS1,0,29,PTM-SEA,0,1,TK,SEV,NA,ROS1
PDGFRB,-7.6634350153712685,21,PTM-SEA,0.4594594594594595,2,TK,PDGFR,NA,PDGFRB
FGR,0,29,PTM-SEA,0,1,TK,SRC,SRCA,FGR
SRC,-4.297372884722669,24,PTM-SEA,0.3783783783783784,2,TK,SRC,SRCA,SRC
FGFR3,0,29,PTM-SEA,0,1,TK,FGFR,NA,FGFR3
JAK1,-57.67625255060988,2,PTM-SEA,0.972972972972973,4,TK,JAKA,NA,JAK1
TYK2,0,29,PTM-SEA,0,1,TK,JAKA,NA,TYK2
FLT4,0,29,PTM-SEA,0,1,TK,VEGFR,NA,FLT4
KDR,-10.60238534893177,18,PTM-SEA,0.5405405405405406,3,TK,VEGFR,NA,KDR
MAP2K2,0,29,PTM-SEA,0,1,STE,STE7,MEK1,MAP2K2
ABL2,0,29,PTM-SEA,0,1,TK,ABL,NA,ABL2
ZAP70,27.658544090095226,13,PTM-SEA,0.6756756756756757,3,TK,SYK,NA,ZAP70
SYK,57.60675707973207,3,PTM-SEA,0.9459459459459459,4,TK,SYK,NA,SYK
MAP2K4,-55.47238942107707,4,PTM-SEA,0.918918918918919,4,STE,STE7,MEK4,MAP2K4
BMX,-33.99629629629629,11,PTM-SEA,0.7297297297297297,3,TK,TEC,NA,BMX
JAK3,9.640740740740743,19,PTM-SEA,0.5135135135135135,3,TK,JAKA,NA,JAK3
MAP2K1,-49.36296296286578,6,PTM-SEA,0.8648648648648649,4,STE,STE7,MEK1,MAP2K1
MST1R,40.595959807080874,8,PTM-SEA,0.8108108108108109,4,TK,MET,NA,MST1R
ITK,-53.75176788951536,5,PTM-SEA,0.8918918918918919,4,TK,TEC,NA,ITK
DYRK1A,0,29,PTM-SEA,0,1,CMGC,DYRK,DYRK1,DYRK1A
PTK6,-1.4127587988355117e-14,28,PTM-SEA,0.2702702702702703,2,TK,SRC,SRM,PTK6
PTK2B,0,29,PTM-SEA,0,1,TK,FAK,NA,PTK2B
ERBB4,0,29,PTM-SEA,0,1,TK,EGFR,NA,ERBB4
NTRK2,-46.007462686567166,7,PTM-SEA,0.8378378378378378,4,TK,TRK,NA,NTRK2
ALK,-18.043165790645688,14,PTM-SEA,0.6486486486486487,3,TK,ALK,NA,ALK
AAK1,298,276,KEA3,0.09714285714285714,1,OTHER,NAK,BIKE,AAK1
ABL1,19,8,KEA3,0.98,4,TK,ABL,NA,ABL1
ABL2,48,29,KEA3,0.9171428571428571,4,TK,ABL,NA,ABL2
ACVR1,157,165,KEA3,0.46,2,TKL,STKR,TYPE1,ACVR1
ACVR1B,227.5,236,KEA3,0.22,1,TKL,STKR,TYPE1,ACVR1B
ACVR2B,212,222,KEA3,0.2742857142857143,2,TKL,STKR,TYPE2,ACVR2B
AKT1,43.66666666666667,23,KEA3,0.9371428571428572,4,AGC,AKT,NA,AKT1
AKT2,46.333333333333336,26,KEA3,0.9257142857142857,4,AGC,AKT,NA,AKT2
AKT3,200,213,KEA3,0.3028571428571429,2,AGC,AKT,NA,AKT3
ALK,62,53,KEA3,0.8428571428571429,4,TK,ALK,NA,ALK
ARAF,78,72,KEA3,0.78,4,TKL,RAF,RAF,ARAF
ATM,113.66666666666667,122,KEA3,0.6028571428571429,3,ATYPICAL,PIKK,ATM,ATM
ATR,81.66666666666667,78,KEA3,0.7628571428571429,4,ATYPICAL,PIKK,ATR,ATR
AURKA,122.33333333333333,134,KEA3,0.5628571428571428,3,OTHER,AUR,NA,AURKA
AURKB,72,65,KEA3,0.8057142857142857,4,OTHER,AUR,NA,AURKB
AURKC,185,195,KEA3,0.36857142857142855,2,OTHER,AUR,NA,AURKC
AXL,196.5,211,KEA3,0.30857142857142855,2,TK,AXL,NA,AXL
BLK,256,256,KEA3,0.15428571428571428,1,TK,SRC,SRCB,BLK
BMP2K,323,296,KEA3,0.04,1,OTHER,NAK,BIKE,BMP2K
BMPR1A,94.5,98,KEA3,0.6857142857142857,3,TKL,STKR,TYPE1,BMPR1A
BMPR1B,108,115,KEA3,0.6228571428571429,3,TKL,STKR,TYPE1,BMPR1B
BMPR2,218.5,225,KEA3,0.26285714285714284,2,TKL,STKR,TYPE2,BMPR2
BMX,46,25,KEA3,0.9285714285714286,4,TK,TEC,NA,BMX
BRAF,195.5,209,KEA3,0.3142857142857143,2,TKL,RAF,RAF,BRAF
BRSK1,222.33333333333334,230,KEA3,0.24571428571428572,1,CAMK,CAMKL,BRSK,BRSK1
BRSK2,304,282,KEA3,0.08,1,CAMK,CAMKL,BRSK,BRSK2
BTK,88.33333333333333,87,KEA3,0.7342857142857143,3,TK,TEC,NA,BTK
BUB1,161,168,KEA3,0.4514285714285714,2,OTHER,BUB,NA,BUB1
CAMK1,183,192,KEA3,0.37714285714285717,2,CAMK,CAMK1,NA,CAMK1
CAMK1D,223,231,KEA3,0.24,1,CAMK,CAMK1,NA,CAMK1D
CAMK2A,85,82,KEA3,0.7514285714285714,4,CAMK,CAMK2,NA,CAMK2A
CAMK2B,206.5,218,KEA3,0.2885714285714286,2,CAMK,CAMK2,NA,CAMK2B
CAMK2D,106.33333333333333,113,KEA3,0.6314285714285715,3,CAMK,CAMK2,NA,CAMK2D
CAMK2G,112,118,KEA3,0.6142857142857143,3,CAMK,CAMK2,NA,CAMK2G
CAMK4,93.33333333333333,96,KEA3,0.6942857142857143,3,CAMK,CAMK1,NA,CAMK4
CAMKK1,166.66666666666666,174,KEA3,0.4342857142857143,2,OTHER,CAMKK,META,CAMKK1
CAMKK2,166,173,KEA3,0.43714285714285717,2,OTHER,CAMKK,META,CAMKK2
CDC42BPA,282,265,KEA3,0.12857142857142856,1,AGC,DMPK,GEK,CDC42BPA
CDC7,193.5,206,KEA3,0.32571428571428573,2,OTHER,CDC7,NA,CDC7
CDK1,117.5,126,KEA3,0.5857142857142857,3,CMGC,CDK,CDC2,CDK1
CDK11A,331,302,KEA3,0.022857142857142857,1,NA,NA,NA,CDK11A
CDK12,313,289,KEA3,0.06,1,CMGC,CDK,CRK7,CDK12
CDK15,191,202,KEA3,0.34,2,CMGC,CDK,PFTAIRE,CDK15
CDK16,12,5,KEA3,0.9885714285714285,4,CMGC,CDK,PCTAIRE,CDK16
CDK18,154,162,KEA3,0.4685714285714286,2,CMGC,CDK,PCTAIRE,CDK18
CDK19,280,263,KEA3,0.13428571428571429,1,CMGC,CDK,CDK8,CDK19
CDK2,92.33333333333333,95,KEA3,0.6971428571428572,3,CMGC,CDK,CDC2,CDK2
CDK20,288,269,KEA3,0.11714285714285715,1,CMGC,CDK,CCRK,CDK20
CDK3,62.66666666666667,54,KEA3,0.84,4,CMGC,CDK,CDC2,CDK3
CDK4,69,61,KEA3,0.8171428571428572,4,CMGC,CDK,CDK4,CDK4
CDK5,47,28,KEA3,0.92,4,CMGC,CDK,CDK5,CDK5
CDK6,59.333333333333336,49,KEA3,0.8542857142857143,4,CMGC,CDK,CDK4,CDK6
CDK7,102.66666666666667,109,KEA3,0.6428571428571429,3,CMGC,CDK,CDK7,CDK7
CDK8,203,214,KEA3,0.3,2,CMGC,CDK,CDK8,CDK8
CDK9,78.66666666666667,73,KEA3,0.7771428571428571,4,CMGC,CDK,CDK9,CDK9
CDKL3,301,279,KEA3,0.08857142857142856,1,CMGC,CDKL,NA,CDKL3
CDKL5,132,142,KEA3,0.5371428571428571,3,CMGC,CDKL,NA,CDKL5
CHEK1,56.33333333333333,44,KEA3,0.8714285714285714,4,CAMK,CAMKL,CHK1,CHEK1
CHEK2,88,86,KEA3,0.7371428571428571,3,CAMK,RAD53,NA,CHEK2
CHUK,49,31,KEA3,0.9114285714285715,4,OTHER,IKK,NA,CHUK
CLK1,59.5,50,KEA3,0.8514285714285714,4,CMGC,CLK,NA,CLK1
CLK2,86.5,84,KEA3,0.7457142857142857,3,CMGC,CLK,NA,CLK2
CLK3,154,162,KEA3,0.4685714285714286,2,CMGC,CLK,NA,CLK3
CLK4,319,294,KEA3,0.045714285714285714,1,CMGC,CLK,NA,CLK4
CSF1R,333,304,KEA3,0.017142857142857144,1,TK,PDGFR,NA,CSF1R
CSK,118.66666666666667,128,KEA3,0.58,3,TK,CSK,NA,CSK
CSNK1A1,78,72,KEA3,0.78,4,CK1,CK1,CK1-A,CSNK1A1
CSNK1A1L,337,308,KEA3,0.005714285714285714,1,CK1,CK1,CK1-A,CSNK1A1L
CSNK1D,64,56,KEA3,0.8342857142857143,4,CK1,CK1,CK1-D,CSNK1D
CSNK1E,81.33333333333333,77,KEA3,0.7657142857142857,4,CK1,CK1,CK1-D,CSNK1E
CSNK1G1,203.5,215,KEA3,0.29714285714285715,2,CK1,CK1,CK1-G,CSNK1G1
CSNK1G2,187,196,KEA3,0.3657142857142857,2,CK1,CK1,CK1-G,CSNK1G2
CSNK1G3,195,208,KEA3,0.3171428571428571,2,CK1,CK1,CK1-G,CSNK1G3
CSNK2A1,89.66666666666667,88,KEA3,0.7285714285714285,3,CMGC,CK2,NA,CSNK2A1
CSNK2A2,59,48,KEA3,0.8571428571428571,4,CMGC,CK2,NA,CSNK2A2
DAPK1,192.33333333333334,204,KEA3,0.3342857142857143,2,CAMK,DAPK,DAPK,DAPK1
DAPK3,181.33333333333334,190,KEA3,0.38285714285714284,2,CAMK,DAPK,DAPK,DAPK3
DCLK1,240,246,KEA3,0.18571428571428572,1,CAMK,DCAMKL,NA,DCLK1
DDR1,70.5,62,KEA3,0.8142857142857143,4,TK,DDR,NA,DDR1
DDR2,90,89,KEA3,0.7171428571428572,3,TK,DDR,NA,DDR2
DMPK,194,207,KEA3,0.32285714285714284,2,AGC,DMPK,GEK,DMPK
DYRK1A,119.66666666666667,130,KEA3,0.5742857142857143,3,CMGC,DYRK,DYRK1,DYRK1A
DYRK1B,120.33333333333333,131,KEA3,0.5714285714285714,3,CMGC,DYRK,DYRK1,DYRK1B
DYRK2,107.33333333333333,114,KEA3,0.6257142857142857,3,CMGC,DYRK,DYRK2,DYRK2
DYRK3,158,166,KEA3,0.45714285714285713,2,CMGC,DYRK,DYRK2,DYRK3
DYRK4,92,94,KEA3,0.7,3,CMGC,DYRK,DYRK2,DYRK4
EEF2K,221.5,228,KEA3,0.25142857142857145,2,ATYPICAL,ALPHA,EEF2K,EEF2K
EGFR,51,34,KEA3,0.9028571428571428,4,TK,EGFR,NA,EGFR
EIF2AK1,312,288,KEA3,0.06285714285714286,1,OTHER,PEK,HRI,EIF2AK1
EIF2AK2,168,175,KEA3,0.43142857142857144,2,OTHER,PEK,PKR,EIF2AK2
EIF2AK3,335,306,KEA3,0.011428571428571429,1,OTHER,PEK,PEK,EIF2AK3
EPHA2,317,292,KEA3,0.05142857142857143,1,TK,EPH,NA,EPHA2
EPHA3,74,68,KEA3,0.7942857142857143,4,TK,EPH,NA,EPHA3
EPHA4,324,297,KEA3,0.037142857142857144,1,TK,EPH,NA,EPHA4
EPHA8,334,305,KEA3,0.014285714285714285,1,TK,EPH,NA,EPHA8
EPHB1,320,295,KEA3,0.04285714285714286,1,TK,EPH,NA,EPHB1
EPHB2,290,271,KEA3,0.11142857142857143,1,TK,EPH,NA,EPHB2
EPHB3,98,102,KEA3,0.6714285714285714,3,TK,EPH,NA,EPHB3
ERBB2,79,74,KEA3,0.7742857142857142,4,TK,EGFR,NA,ERBB2
ERBB4,134,143,KEA3,0.5342857142857143,3,TK,EGFR,NA,ERBB4
FASTK,210.5,221,KEA3,0.27714285714285714,2,ATYPICAL,FAST,NA,FASTK
FER,77.5,71,KEA3,0.7857142857142857,4,TK,FER,NA,FER
FES,131,140,KEA3,0.5428571428571428,3,TK,FER,NA,FES
FGFR1,50.33333333333333,33,KEA3,0.9057142857142857,4,TK,FGFR,NA,FGFR1
FGFR2,91.5,92,KEA3,0.7057142857142857,3,TK,FGFR,NA,FGFR2
FGFR3,54.5,41,KEA3,0.88,4,TK,FGFR,NA,FGFR3
FGFR4,54.5,41,KEA3,0.88,4,TK,FGFR,NA,FGFR4
FGR,52,35,KEA3,0.9,4,TK,SRC,SRCA,FGR
FLT1,220,226,KEA3,0.26,2,TK,VEGFR,NA,FLT1
FLT3,13,6,KEA3,0.9857142857142858,4,TK,PDGFR,NA,FLT3
FLT4,69,61,KEA3,0.8171428571428572,4,TK,VEGFR,NA,FLT4
FRK,178,185,KEA3,0.39714285714285713,2,TK,SRC,FRK,FRK
FYN,40.333333333333336,20,KEA3,0.9457142857142857,4,TK,SRC,SRCA,FYN
GRK1,329,301,KEA3,0.025714285714285714,1,AGC,GRK,GRK,GRK1
GRK2,96.66666666666667,101,KEA3,0.6771428571428572,3,AGC,GRK,BARK,GRK2
GRK3,226.5,234,KEA3,0.22857142857142856,1,AGC,GRK,BARK,GRK3
GRK5,151.66666666666666,160,KEA3,0.47714285714285715,2,AGC,GRK,GRK,GRK5
GRK6,204.66666666666666,216,KEA3,0.29428571428571426,2,AGC,GRK,GRK,GRK6
GSK3A,26.333333333333332,11,KEA3,0.9714285714285714,4,CMGC,GSK,NA,GSK3A
GSK3B,66.33333333333333,59,KEA3,0.8257142857142857,4,CMGC,GSK,NA,GSK3B
HASPIN,221,227,KEA3,0.2542857142857143,2,OTHER,HASPIN,NA,HASPIN
HCK,91,91,KEA3,0.7085714285714285,3,TK,SRC,SRCB,HCK
HIPK1,80,75,KEA3,0.7714285714285715,4,CMGC,DYRK,HIPK,HIPK1
HIPK2,161.66666666666666,169,KEA3,0.44857142857142857,2,CMGC,DYRK,HIPK,HIPK2
HIPK3,291,272,KEA3,0.10857142857142857,1,CMGC,DYRK,HIPK,HIPK3
HIPK4,109.5,116,KEA3,0.62,3,CMGC,DYRK,HIPK,HIPK4
ICK,281,264,KEA3,0.13142857142857142,1,CMGC,RCK,NA,CILK1
IGF1R,2.3333333333333335,1,KEA3,1,4,TK,INSR,NA,IGF1R
IKBKB,94.66666666666667,99,KEA3,0.6828571428571428,3,OTHER,IKK,NA,IKBKB
IKBKE,143.33333333333334,152,KEA3,0.5085714285714286,3,OTHER,IKK,NA,IKBKE
ILK,61.66666666666667,52,KEA3,0.8457142857142858,4,TKL,MLK,ILK,ILK
INSR,75,70,KEA3,0.7885714285714286,4,TK,INSR,NA,INSR
IRAK1,121.5,133,KEA3,0.5657142857142857,3,TKL,IRAK,NA,IRAK1
IRAK3,248.5,253,KEA3,0.16285714285714287,1,TKL,IRAK,NA,IRAK3
IRAK4,289,270,KEA3,0.11428571428571428,1,TKL,IRAK,NA,IRAK4
ITK,101.66666666666667,107,KEA3,0.6514285714285715,3,TK,TEC,NA,ITK
JAK1,90,89,KEA3,0.7171428571428572,3,TK,JAKA,NA,JAK1
JAK2,30.333333333333332,15,KEA3,0.96,4,TK,JAKA,NA,JAK2
JAK3,90,89,KEA3,0.7171428571428572,3,TK,JAKA,NA,JAK3
KDR,221,227,KEA3,0.2542857142857143,2,TK,VEGFR,NA,KDR
KIT,175,182,KEA3,0.4057142857142857,2,TK,PDGFR,NA,KIT
KSR1,272,258,KEA3,0.14857142857142858,1,TKL,RAF,KSR,KSR1
KSR2,173,180,KEA3,0.4114285714285714,2,TKL,RAF,KSR,KSR2
LATS1,195,208,KEA3,0.3171428571428571,2,AGC,NDR,NA,LATS1
LATS2,128,137,KEA3,0.5514285714285714,3,AGC,NDR,NA,LATS2
LCK,70.66666666666667,63,KEA3,0.8114285714285714,4,TK,SRC,SRCB,LCK
LIMK1,226,233,KEA3,0.23142857142857143,1,TKL,LISK,LIMK,LIMK1
LIMK2,26.5,12,KEA3,0.9685714285714285,4,TKL,LISK,LIMK,LIMK2
LRRK2,60.5,51,KEA3,0.8485714285714285,4,TKL,LRRK,NA,LRRK2
LYN,66,58,KEA3,0.8285714285714286,4,TK,SRC,SRCB,LYN
MAK,190,200,KEA3,0.3514285714285714,2,CMGC,RCK,NA,MAK
MAP2K1,162.66666666666666,170,KEA3,0.44571428571428573,2,STE,STE7,MEK1,MAP2K1
MAP2K2,231.5,240,KEA3,0.20285714285714285,1,STE,STE7,MEK1,MAP2K2
MAP2K3,250,254,KEA3,0.16,1,STE,STE7,MEK3,MAP2K3
MAP2K4,149,157,KEA3,0.48857142857142855,2,STE,STE7,MEK4,MAP2K4
MAP2K6,174,181,KEA3,0.4085714285714286,2,STE,STE7,MEK3,MAP2K6
MAP2K7,149.5,158,KEA3,0.4857142857142857,2,STE,STE7,MEK7,MAP2K7
MAP3K1,246,250,KEA3,0.1742857142857143,1,STE,STE11,MEKK1,MAP3K1
MAP3K10,236,245,KEA3,0.18857142857142858,1,TKL,MLK,MLK,MAP3K10
MAP3K11,206.66666666666666,219,KEA3,0.2857142857142857,2,TKL,MLK,MLK,MAP3K11
MAP3K13,248,252,KEA3,0.1657142857142857,1,TKL,MLK,LZK,MAP3K13
MAP3K14,173,180,KEA3,0.4114285714285714,2,STE,STE-UNIQUE,NA,MAP3K14
MAP3K20,229,237,KEA3,0.21428571428571427,1,TKL,MLK,ZAK,MAP3K20
MAP3K3,287,268,KEA3,0.12,1,STE,STE11,MEKK2,MAP3K3
MAP3K4,302,280,KEA3,0.08571428571428572,1,STE,STE11,MEKK4,MAP3K4
MAP3K5,27,13,KEA3,0.9657142857142857,4,STE,STE11,ASK,MAP3K5
MAP3K6,192,203,KEA3,0.33714285714285713,2,STE,STE11,ASK,MAP3K6
MAP3K7,99.66666666666667,104,KEA3,0.66,3,TKL,MLK,TAK1,MAP3K7
MAP3K8,189,199,KEA3,0.35428571428571426,2,STE,STE-UNIQUE,NA,MAP3K8
MAP4K1,188,198,KEA3,0.36,2,STE,STE20,KHS,MAP4K1
MAP4K2,183.5,193,KEA3,0.3742857142857143,2,STE,STE20,KHS,MAP4K2
MAP4K3,222,229,KEA3,0.24857142857142858,1,STE,STE20,KHS,MAP4K3
MAP4K4,307,284,KEA3,0.07428571428571429,1,STE,STE20,MSN,MAP4K4
MAP4K5,131.5,141,KEA3,0.54,3,STE,STE20,KHS,MAP4K5
MAPK1,45.33333333333333,24,KEA3,0.9314285714285714,4,CMGC,MAPK,ERK1,MAPK1
MAPK10,99.66666666666667,104,KEA3,0.66,3,CMGC,MAPK,JNK,MAPK10
MAPK11,100.66666666666667,106,KEA3,0.6542857142857142,3,CMGC,MAPK,P38,MAPK11
MAPK12,84.66666666666667,81,KEA3,0.7542857142857143,4,CMGC,MAPK,P38,MAPK12
MAPK13,137.33333333333334,148,KEA3,0.52,3,CMGC,MAPK,P38,MAPK13
MAPK14,29.333333333333336,14,KEA3,0.9628571428571429,4,CMGC,MAPK,P38,MAPK14
MAPK15,135.5,145,KEA3,0.5285714285714286,3,CMGC,MAPK,ERK7,MAPK15
MAPK3,45.33333333333333,24,KEA3,0.9314285714285714,4,CMGC,MAPK,ERK1,MAPK3
MAPK6,235.5,244,KEA3,0.19142857142857142,1,CMGC,MAPK,ERK3,MAPK6
MAPK7,116,123,KEA3,0.5971428571428572,3,CMGC,MAPK,ERK5,MAPK7
MAPK8,48.33333333333333,30,KEA3,0.9142857142857143,4,CMGC,MAPK,JNK,MAPK8
MAPK9,85.66666666666667,83,KEA3,0.7485714285714286,3,CMGC,MAPK,JNK,MAPK9
MAPKAPK2,104,110,KEA3,0.64,3,CAMK,MAPKAPK,MAPKAPK,MAPKAPK2
MAPKAPK3,297,275,KEA3,0.1,1,CAMK,MAPKAPK,MAPKAPK,MAPKAPK3
MAPKAPK5,102.33333333333333,108,KEA3,0.6485714285714286,3,CAMK,MAPKAPK,MAPKAPK,MAPKAPK5
MARK2,156,164,KEA3,0.46285714285714286,2,CAMK,CAMKL,MARK,MARK2
MARK3,187.33333333333334,197,KEA3,0.3628571428571429,2,CAMK,CAMKL,MARK,MARK3
MARK4,332,303,KEA3,0.02,1,CAMK,CAMKL,MARK,MARK4
MAST1,231,239,KEA3,0.2057142857142857,1,AGC,MAST,MAST,MAST1
MAST2,311,287,KEA3,0.06571428571428571,1,AGC,MAST,MAST,MAST2
MATK,253,255,KEA3,0.15714285714285714,1,TK,CSK,NA,MATK
MELK,303,281,KEA3,0.08285714285714285,1,CAMK,CAMKL,MELK,MELK
MERTK,152,161,KEA3,0.4742857142857143,2,TK,AXL,NA,MERTK
MET,65.66666666666667,57,KEA3,0.8314285714285714,4,TK,MET,NA,MET
MKNK1,190.66666666666666,201,KEA3,0.3485714285714286,2,CAMK,MAPKAPK,MNK,MKNK1
MKNK2,227.5,236,KEA3,0.22,1,CAMK,MAPKAPK,MNK,MKNK2
MOK,244.5,248,KEA3,0.18,1,CMGC,RCK,NA,MOK
MOS,300,278,KEA3,0.09142857142857143,1,OTHER,MOS,NA,MOS
MST1R,181,189,KEA3,0.38571428571428573,2,TK,MET,NA,MST1R
MTOR,89.66666666666667,88,KEA3,0.7285714285714285,3,ATYPICAL,PIKK,FRAP,MTOR
MYLK2,171.5,179,KEA3,0.42,2,CAMK,MLCK,NA,MYLK2
MYO3A,273,259,KEA3,0.1457142857142857,1,STE,STE20,NINAC,MYO3A
NEK10,225,232,KEA3,0.23714285714285716,1,OTHER,NEK,NEK10,NEK10
NEK11,310,286,KEA3,0.06857142857142857,1,OTHER,NEK,NEK11,NEK11
NEK2,57.666666666666664,46,KEA3,0.8628571428571429,4,OTHER,NEK,NEK2,NEK2
NEK3,88,86,KEA3,0.7371428571428571,3,OTHER,NEK,NEK1,NEK3
NEK4,191,202,KEA3,0.34,2,OTHER,NEK,NEK4,NEK4
NEK6,112.33333333333333,119,KEA3,0.6114285714285714,3,OTHER,NEK,NEK6,NEK6
NEK8,193,205,KEA3,0.3314285714285714,2,OTHER,NEK,NEK8,NEK8
NEK9,112.5,120,KEA3,0.6085714285714285,3,OTHER,NEK,NEK8,NEK9
NIM1K,234,242,KEA3,0.19714285714285715,1,CAMK,CAMKL,NIM1,NIM1K
NLK,155.66666666666666,163,KEA3,0.4657142857142857,2,CMGC,MAPK,NMO,NLK
NPR2,139,150,KEA3,0.5142857142857142,3,RGC,RGC,NA,NPR2
NRBP2,227,235,KEA3,0.2257142857142857,1,OTHER,NRBP,NA,NRBP2
NTRK1,9,3,KEA3,0.9942857142857143,4,TK,TRK,NA,NTRK1
NTRK2,308,285,KEA3,0.07142857142857142,1,TK,TRK,NA,NTRK2
NTRK3,245,249,KEA3,0.17714285714285713,1,TK,TRK,NA,NTRK3
NUAK1,142.66666666666666,151,KEA3,0.5114285714285715,3,CAMK,CAMKL,NUAK,NUAK1
NUAK2,293,273,KEA3,0.10571428571428572,1,CAMK,CAMKL,NUAK,NUAK2
OXSR1,273.5,260,KEA3,0.14285714285714285,1,STE,STE20,FRAY,OXSR1
PAK1,63.333333333333336,55,KEA3,0.8371428571428572,4,STE,STE20,PAKA,PAK1
PAK2,136.66666666666666,147,KEA3,0.5228571428571429,3,STE,STE20,PAKA,PAK2
PAK3,271,257,KEA3,0.15142857142857144,1,STE,STE20,PAKA,PAK3
PAK4,39.333333333333336,19,KEA3,0.9485714285714286,4,STE,STE20,PAKB,PAK4
PAK5,326,299,KEA3,0.03142857142857143,1,STE,STE20,PAKB,PAK5
PAK6,173,180,KEA3,0.4114285714285714,2,STE,STE20,PAKB,PAK6
PASK,294,274,KEA3,0.10285714285714286,1,CAMK,CAMKL,PASK,PASK
PBK,197.33333333333334,212,KEA3,0.3057142857142857,2,OTHER,TOPK,NA,PBK
PDGFRA,81,76,KEA3,0.7685714285714286,4,TK,PDGFR,NA,PDGFRA
PDGFRB,107.33333333333333,114,KEA3,0.6257142857142857,3,TK,PDGFR,NA,PDGFRB
PDIK1L,299,277,KEA3,0.09428571428571429,1,OTHER,NKF4,NA,PDIK1L
PDK1,36.5,18,KEA3,0.9514285714285714,4,ATYPICAL,PDHK,PDHK,PDK1
PDPK1,32,17,KEA3,0.9542857142857143,4,AGC,PDK1,NA,PDPK1
PIK3CA,31,16,KEA3,0.9571428571428572,4,NA,NA,NA,PIK3CA
PIK3CB,336,307,KEA3,0.008571428571428572,1,NA,NA,NA,PIK3CB
PIK3CG,217,223,KEA3,0.2714285714285714,2,NA,NA,NA,PIK3CG
PIK3R4,135,144,KEA3,0.5314285714285715,3,OTHER,VPS15,NA,PIK3R4
PIM1,99.66666666666667,104,KEA3,0.66,3,CAMK,PIM,NA,PIM1
PIM2,11,4,KEA3,0.9914285714285714,4,CAMK,PIM,NA,PIM2
PINK1,149,157,KEA3,0.48857142857142855,2,OTHER,NKF2,NA,PINK1
PKMYT1,283,266,KEA3,0.12571428571428572,1,OTHER,WEE,NA,PKMYT1
PKN1,105.66666666666667,112,KEA3,0.6342857142857142,3,AGC,PKN,NA,PKN1
PLK1,53.33333333333333,39,KEA3,0.8885714285714286,4,OTHER,PLK,PLK1,PLK1
PLK2,150,159,KEA3,0.48,2,OTHER,PLK,PLK2,PLK2
PLK3,148.66666666666666,156,KEA3,0.49714285714285716,2,OTHER,PLK,PLK2,PLK3
PLK4,126,136,KEA3,0.5571428571428572,3,OTHER,PLK,SAK,PLK4
PNCK,176,183,KEA3,0.40285714285714286,2,CAMK,CAMK1,NA,PNCK
PRKAA1,58.666666666666664,47,KEA3,0.86,4,CAMK,CAMKL,AMPK,PRKAA1
PRKAA2,110.33333333333333,117,KEA3,0.6171428571428571,3,CAMK,CAMKL,AMPK,PRKAA2
PRKACA,74.66666666666667,69,KEA3,0.7914285714285715,4,AGC,PKA,NA,PRKACA
PRKACB,248,252,KEA3,0.1657142857142857,1,AGC,PKA,NA,PRKACB
PRKCA,94,97,KEA3,0.6914285714285714,3,AGC,PKC,ALPHA,PRKCA
PRKCB,42,21,KEA3,0.9428571428571428,4,AGC,PKC,ALPHA,PRKCB
PRKCD,56,43,KEA3,0.8742857142857143,4,AGC,PKC,DELTA,PRKCD
PRKCE,55.666666666666664,42,KEA3,0.8771428571428571,4,AGC,PKC,ETA,PRKCE
PRKCG,87.33333333333333,85,KEA3,0.7428571428571429,3,AGC,PKC,ALPHA,PRKCG
PRKCH,102.66666666666667,109,KEA3,0.6428571428571429,3,AGC,PKC,ETA,PRKCH
PRKCI,118,127,KEA3,0.5828571428571429,3,AGC,PKC,IOTA,PRKCI
PRKCQ,52.333333333333336,36,KEA3,0.8971428571428571,4,AGC,PKC,DELTA,PRKCQ
PRKCZ,43.333333333333336,22,KEA3,0.94,4,AGC,PKC,IOTA,PRKCZ
PRKD1,7.333333333333333,2,KEA3,0.9971428571428571,4,CAMK,PKD,NA,PRKD1
PRKD2,179.33333333333334,187,KEA3,0.3914285714285714,2,CAMK,PKD,NA,PRKD2
PRKD3,189,199,KEA3,0.35428571428571426,2,CAMK,PKD,NA,PRKD3
PRKDC,82,79,KEA3,0.76,4,ATYPICAL,PIKK,DNAPK,PRKDC
PRKG1,128,137,KEA3,0.5514285714285714,3,AGC,PKG,NA,PRKG1
PRKG2,229,237,KEA3,0.21428571428571427,1,AGC,PKG,NA,PRKG2
PRKX,231,239,KEA3,0.2057142857142857,1,AGC,PKA,NA,PRKX
PRKY,146,155,KEA3,0.5,3,AGC,PKA,NA,PRKY
PRPF4B,181.5,191,KEA3,0.38,2,CMGC,DYRK,PRP4,PRPF4B
PTK2,95.33333333333333,100,KEA3,0.68,3,TK,FAK,NA,PTK2
PTK2B,71.66666666666667,64,KEA3,0.8085714285714286,4,TK,FAK,NA,PTK2B
PTK6,23.333333333333332,9,KEA3,0.9771428571428571,4,TK,SRC,SRM,PTK6
PXK,145.5,154,KEA3,0.5028571428571429,3,OTHER,SLOB,NA,PXK
RAF1,128.66666666666666,139,KEA3,0.5457142857142857,3,TKL,RAF,RAF,RAF1
RET,25,10,KEA3,0.9742857142857143,4,TK,RET,NA,RET
RIOK1,285,267,KEA3,0.12285714285714286,1,ATYPICAL,RIO,RIO1,RIOK1
RIPK1,276,261,KEA3,0.14,1,TKL,RIPK,NA,RIPK1
RIPK2,52.5,37,KEA3,0.8942857142857142,4,TKL,RIPK,NA,RIPK2
RIPK3,99,103,KEA3,0.6685714285714286,3,TKL,RIPK,NA,RIPK3
ROCK1,90.66666666666667,90,KEA3,0.7142857142857143,3,AGC,DMPK,ROCK,ROCK1
ROCK2,169.33333333333334,177,KEA3,0.4257142857142857,2,AGC,DMPK,ROCK,ROCK2
RPS6KA1,67,60,KEA3,0.8228571428571428,4,AGC,RSK,RSK,RPS6KA1
RPS6KA2,46.5,27,KEA3,0.9228571428571428,4,AGC,RSK,RSK,RPS6KA2
RPS6KA3,91,91,KEA3,0.7085714285714285,3,AGC,RSK,RSK,RPS6KA3
RPS6KA4,150,159,KEA3,0.48,2,AGC,RSK,MSK,RPS6KA4
RPS6KA5,72.66666666666667,66,KEA3,0.8028571428571428,4,AGC,RSK,MSK,RPS6KA5
RPS6KB1,49.666666666666664,32,KEA3,0.9085714285714286,4,AGC,RSK,P70,RPS6KB1
RPS6KB2,136.33333333333334,146,KEA3,0.5257142857142857,3,AGC,RSK,P70,RPS6KB2
RPS6KL1,218,224,KEA3,0.26571428571428574,2,AGC,RSKL,NA,RPS6KL1
SCYL1,325,298,KEA3,0.03428571428571429,1,OTHER,SCY1,NA,SCYL1
SCYL2,73,67,KEA3,0.8,4,OTHER,SCY1,NA,SCYL2
SCYL3,196,210,KEA3,0.31142857142857144,2,OTHER,SCY1,NA,SCYL3
SGK1,113,121,KEA3,0.6057142857142858,3,AGC,SGK,NA,SGK1
SGK2,171,178,KEA3,0.4228571428571429,2,AGC,SGK,NA,SGK2
SGK3,180,188,KEA3,0.38857142857142857,2,AGC,SGK,NA,SGK3
SIK1,54,40,KEA3,0.8857142857142857,4,CAMK,CAMKL,QIK,SIK1
SIK2,149,157,KEA3,0.48857142857142855,2,CAMK,CAMKL,QIK,SIK2
SMG1,328,300,KEA3,0.02857142857142857,1,ATYPICAL,PIKK,SMG1,SMG1
SNRK,226,233,KEA3,0.23142857142857143,1,CAMK,CAMKL,SNRK,SNRK
SRC,57.666666666666664,46,KEA3,0.8628571428571429,4,TK,SRC,SRCA,SRC
SRMS,318,293,KEA3,0.04857142857142857,1,TK,SRC,SRM,SRMS
SRPK1,168.5,176,KEA3,0.42857142857142855,2,CMGC,SRPK,NA,SRPK1
SRPK2,94.5,98,KEA3,0.6857142857142857,3,CMGC,SRPK,NA,SRPK2
STK10,277,262,KEA3,0.13714285714285715,1,STE,STE20,SLK,STK10
STK11,123.33333333333333,135,KEA3,0.56,3,CAMK,CAMKL,LKB,STK11
STK16,90,89,KEA3,0.7171428571428572,3,OTHER,NAK,MPSK,STK16
STK17A,128.5,138,KEA3,0.5485714285714286,3,CAMK,DAPK,DRAK,STK17A
STK24,116,123,KEA3,0.5971428571428572,3,STE,STE20,YSK,STK24
STK25,210.5,221,KEA3,0.27714285714285714,2,STE,STE20,YSK,STK25
STK26,233,241,KEA3,0.2,1,STE,STE20,YSK,STK26
STK3,91.66666666666667,93,KEA3,0.7028571428571428,3,STE,STE20,MST,STK3
STK33,235,243,KEA3,0.19428571428571428,1,CAMK,CAMK-UNIQUE,NA,STK33
STK36,244,247,KEA3,0.18285714285714286,1,OTHER,ULK,FUSED,STK36
STK38,184,194,KEA3,0.37142857142857144,2,AGC,NDR,NA,STK38
STK38L,178.5,186,KEA3,0.3942857142857143,2,AGC,NDR,NA,STK38L
STK39,117,125,KEA3,0.5914285714285714,3,STE,STE20,FRAY,STK39
STK4,176.5,184,KEA3,0.4,2,STE,STE20,MST,STK4
STK40,218,224,KEA3,0.26571428571428574,2,CAMK,SGK495,NA,STK40
STYK1,208,220,KEA3,0.28285714285714286,2,TK,TK-UNIQUE,NA,STYK1
SYK,53,38,KEA3,0.8914285714285715,4,TK,SYK,NA,SYK
TAOK1,305,283,KEA3,0.07714285714285714,1,STE,STE20,TAO,TAOK1
TBK1,74,68,KEA3,0.7942857142857143,4,OTHER,IKK,NA,TBK1
TEC,164.5,172,KEA3,0.44,2,TK,TEC,NA,TEC
TEK,315,290,KEA3,0.05714285714285714,1,TK,TIE,NA,TEK
TESK1,223,231,KEA3,0.24,1,TKL,LISK,TESK,TESK1
TESK2,117.5,126,KEA3,0.5857142857142857,3,TKL,LISK,TESK,TESK2
TGFBR1,206,217,KEA3,0.2914285714285714,2,TKL,STKR,TYPE1,TGFBR1
TGFBR2,57,45,KEA3,0.8685714285714285,4,TKL,STKR,TYPE2,TGFBR2
TLK1,339,310,KEA3,0,1,OTHER,TLK,NA,TLK1
TNIK,316,291,KEA3,0.054285714285714284,1,STE,STE20,MSN,TNIK
TNK2,144.66666666666666,153,KEA3,0.5057142857142857,3,TK,ACK,NA,TNK2
TNNI3K,104.5,111,KEA3,0.6371428571428571,3,TKL,MLK,HH498,TNNI3K
TP53RK,338,309,KEA3,0.002857142857142857,1,OTHER,BUD32,NA,TP53RK
TRIB3,138,149,KEA3,0.5171428571428571,3,CAMK,TRBL,NA,TRIB3
TRPM7,191,202,KEA3,0.34,2,ATYPICAL,ALPHA,CHAK,TRPM7
TTK,163,171,KEA3,0.44285714285714284,2,OTHER,TTK,NA,TTK
TXK,230,238,KEA3,0.21142857142857144,1,TK,TEC,NA,TXK
TYK2,119,129,KEA3,0.5771428571428572,3,TK,JAKA,NA,TYK2
TYRO3,100,105,KEA3,0.6571428571428571,3,TK,AXL,NA,TYRO3
UHMK1,120.5,132,KEA3,0.5685714285714286,3,OTHER,KIS,NA,UHMK1
ULK1,193.5,206,KEA3,0.32571428571428573,2,OTHER,ULK,ULK,ULK1
VRK1,160.66666666666666,167,KEA3,0.4542857142857143,2,CK1,VRK,NA,VRK1
VRK3,247.5,251,KEA3,0.17142857142857143,1,CK1,VRK,NA,VRK3
WEE1,98,102,KEA3,0.6714285714285714,3,OTHER,WEE,NA,WEE1
WNK1,116.66666666666667,124,KEA3,0.5942857142857143,3,OTHER,WNK,NA,WNK1
YES1,84.33333333333333,80,KEA3,0.7571428571428571,4,TK,SRC,SRCA,YES1
ZAP70,17.666666666666668,7,KEA3,0.9828571428571429,4,TK,SYK,NA,ZAP70
ARG,2.14266750356873,1,UKA,1,4,TK,ABL,NA,ABL2
SYK,2.03640103740276,2,UKA,0.9866666666666667,4,TK,SYK,NA,SYK
IGF1R,1.93374863803104,3,UKA,0.9733333333333334,4,TK,INSR,NA,IGF1R
BLK,1.71094644240736,4,UKA,0.96,4,TK,SRC,SRCB,BLK
HCK,1.64115180990392,5,UKA,0.9466666666666667,4,TK,SRC,SRCB,HCK
ZAP70,1.55284196865778,6,UKA,0.9333333333333333,4,TK,SYK,NA,ZAP70
SRM,1.54060751224077,7,UKA,0.92,4,TK,SRC,SRM,SRMS
FGR,1.51257878864053,8,UKA,0.9066666666666666,4,TK,SRC,SRCA,FGR
ABL,1.47448873903239,9,UKA,0.8933333333333333,4,TK,ABL,NA,ABL1
ETK/BMX,1.42573717029297,10,UKA,0.88,4,TK,TEC,NA,BMX
PDGFR[ALPHA],1.41206465136364,11,UKA,0.8666666666666667,4,TK,PDGFR,NA,PDGFRA
TXK,1.40666961947694,12,UKA,0.8533333333333334,4,TK,TEC,NA,TXK
RON,1.30761140184862,13,UKA,0.84,4,TK,MET,NA,MST1R
YES,1.26548819594303,14,UKA,0.8266666666666667,4,TK,SRC,SRCA,YES1
SRC,1.22773698568637,15,UKA,0.8133333333333334,4,TK,SRC,SRCA,SRC
BTK,1.19950287334648,16,UKA,0.8,4,TK,TEC,NA,BTK
INSR,1.18802305566305,17,UKA,0.7866666666666666,4,TK,INSR,NA,INSR
LYN,1.14972144748196,18,UKA,0.7733333333333333,4,TK,SRC,SRCB,LYN
FRK,1.12475347714856,19,UKA,0.76,4,TK,SRC,FRK,FRK
ROR1,1.1199500282709,20,UKA,0.7466666666666667,3,TK,ROR,NA,ROR1
FYN,1.10893109713257,21,UKA,0.7333333333333333,3,TK,SRC,SRCA,FYN
TYRO3/SKY,1.09734452478207,22,UKA,0.72,3,TK,AXL,NA,TYRO3
FES,1.09547920076166,23,UKA,0.7066666666666667,3,TK,FER,NA,FES
HER3,1.08487465385853,24,UKA,0.6933333333333334,3,TK,EGFR,NA,ERBB3
EPHA4,1.08479017720354,25,UKA,0.68,3,TK,EPH,NA,EPHA4
MER,1.06388856832515,26,UKA,0.6666666666666666,3,TK,AXL,NA,MERTK
TEC,1.01734892544521,27,UKA,0.6533333333333333,3,TK,TEC,NA,TEC
TRKB,1.00359341180372,28,UKA,0.64,3,TK,TRK,NA,NTRK2
RET,0.982299028775883,29,UKA,0.6266666666666667,3,TK,RET,NA,RET
TRKC,0.930243129644447,30,UKA,0.6133333333333333,3,TK,TRK,NA,NTRK3
LTK,0.897619546574543,31,UKA,0.6,3,TK,ALK,NA,LTK
LCK,0.893333238030084,32,UKA,0.5866666666666667,3,TK,SRC,SRCB,LCK
EPHA1,0.892582821489661,33,UKA,0.5733333333333334,3,TK,EPH,NA,EPHA1
KIT,0.868278708018353,34,UKA,0.56,3,TK,PDGFR,NA,KIT
TRKA,0.867279357499551,35,UKA,0.5466666666666666,3,TK,TRK,NA,NTRK1
AXL,0.860423136632465,36,UKA,0.5333333333333333,3,TK,AXL,NA,AXL
KDR,0.854368584709672,37,UKA,0.52,3,TK,VEGFR,NA,KDR
CHK1,0.836063790773021,38,UKA,0.5066666666666667,3,CAMK,CAMKL,CHK1,CHEK1
MEK1/MAP2K1,0.835599552907433,39,UKA,0.49333333333333335,2,STE,STE7,MEK1,MAP2K1
MAP2K7,0.828484164431354,40,UKA,0.48,2,STE,STE7,MEK7,MAP2K7
EPHA2,0.828215059445879,41,UKA,0.4666666666666667,2,TK,EPH,NA,EPHA2
FAK2,0.814695879945721,42,UKA,0.4533333333333333,2,TK,FAK,NA,PTK2B
FGFR3,0.799280794643908,43,UKA,0.44,2,TK,FGFR,NA,FGFR3
ALK,0.79836257792935,44,UKA,0.4266666666666667,2,TK,ALK,NA,ALK
JAK2,0.778179046119958,45,UKA,0.41333333333333333,2,TK,JAKA,NA,JAK2
MEKK6/MAP3K6,0.774690718274137,46,UKA,0.38666666666666666,2,STE,STE11,ASK,MAP3K6
ASK/MAP3K5,0.774690718274137,46,UKA,0.38666666666666666,2,STE,STE11,ASK,MAP3K5
CSK,0.773245477399956,47,UKA,0.37333333333333335,2,TK,CSK,NA,CSK
FGFR1,0.759570573619637,48,UKA,0.36,2,TK,FGFR,NA,FGFR1
RYK,0.748566201528687,49,UKA,0.3466666666666667,2,TK,RYK,NA,RYK
MKK3/MAP2K3,0.726026996230451,50,UKA,0.32,2,STE,STE7,MEK3,MAP2K3
MKK6/MAP2K6,0.726026996230451,50,UKA,0.32,2,STE,STE7,MEK3,MAP2K6
MET,0.706610924297926,51,UKA,0.30666666666666664,2,TK,MET,NA,MET
CTK,0.679679199978006,52,UKA,0.29333333333333333,2,TK,CSK,NA,MATK
JAK3,0.674632136843876,53,UKA,0.28,2,TK,JAKA,NA,JAK3
EPHA10,0.673732548521132,54,UKA,0.26666666666666666,2,TK,EPH,NA,EPHA10
FER,0.664614320564043,55,UKA,0.25333333333333335,2,TK,FER,NA,FER
HER2,0.653044908451076,56,UKA,0.24,1,TK,EGFR,NA,ERBB2
EPHB1,0.637517525248826,57,UKA,0.22666666666666666,1,TK,EPH,NA,EPHB1
ROS,0.632672847719245,58,UKA,0.21333333333333335,1,TK,SEV,NA,ROS1
HER4,0.62372971200312,59,UKA,0.2,1,TK,EGFR,NA,ERBB4
BRK,0.602094736276331,60,UKA,0.18666666666666668,1,TK,SRC,SRM,PTK6
FGFR2,0.592928772303833,61,UKA,0.17333333333333334,1,TK,FGFR,NA,FGFR2
SEK1/MAP2K4,0.555699077122622,62,UKA,0.16,1,STE,STE7,MEK4,MAP2K4
FAK1,0.553636834094773,63,UKA,0.14666666666666667,1,TK,FAK,NA,PTK2
EGFR,0.553462832926356,64,UKA,0.13333333333333333,1,TK,EGFR,NA,EGFR
FMS/CSFR,0.533311649592084,65,UKA,0.12,1,TK,PDGFR,NA,CSF1R
IRR,0.523179446564439,66,UKA,0.10666666666666667,1,TK,INSR,NA,INSRR
FGFR4,0.522705062221873,67,UKA,0.09333333333333334,1,TK,FGFR,NA,FGFR4
PDGFR[BETA],0.453773301964619,68,UKA,0.08,1,TK,PDGFR,NA,PDGFRB
FLT3,0.445845321004018,69,UKA,0.06666666666666667,1,TK,PDGFR,NA,FLT3
ITK,0.420033581034919,70,UKA,0.05333333333333334,1,TK,TEC,NA,ITK
FLT4,0.364516253185088,71,UKA,0.04,1,TK,VEGFR,NA,FLT4
FLT1,0.249368199739881,72,UKA,0.02666666666666667,1,TK,VEGFR,NA,FLT1
EPHA5,0.191613858780315,74,UKA,0,1,TK,EPH,NA,EPHA5
DDR,1.288333333333333,2,KRSA,0.9198606271777003,4,TK,DDR,NA,DDR1
DDR,1.288333333333333,2,KRSA,0.9198606271777003,4,TK,DDR,NA,DDR2
CSK,0.7791666666666667,9,KRSA,0.627177700348432,3,TK,CSK,NA,CSK
CSK,0.7791666666666667,9,KRSA,0.627177700348432,3,TK,CSK,NA,MATK
SYK,-1.25,3,KRSA,0.8780487804878049,4,TK,SYK,NA,SYK
SYK,-1.25,3,KRSA,0.8780487804878049,4,TK,SYK,NA,ZAP70
PDGFR,-1.1175,6,KRSA,0.7526132404181185,4,TK,PDGFR,NA,CSF1R
PDGFR,-1.1175,6,KRSA,0.7526132404181185,4,TK,PDGFR,NA,FLT3
PDGFR,-1.1175,6,KRSA,0.7526132404181185,4,TK,PDGFR,NA,KIT
PDGFR,-1.1175,6,KRSA,0.7526132404181185,4,TK,PDGFR,NA,PDGFRA
PDGFR,-1.1175,6,KRSA,0.7526132404181185,4,TK,PDGFR,NA,PDGFRB
RYK,-1.1216666666666666,5,KRSA,0.794425087108014,4,TK,RYK,NA,RYK
SEV,0.3858333333333333,17,KRSA,0.2926829268292683,2,TK,SEV,NA,ROS1
VEGFR,0.5125,14,KRSA,0.4181184668989547,2,TK,VEGFR,NA,FLT1
VEGFR,0.5125,14,KRSA,0.4181184668989547,2,TK,VEGFR,NA,FLT4
VEGFR,0.5125,14,KRSA,0.4181184668989547,2,TK,VEGFR,NA,KDR
FGFR,0.7591666666666667,11,KRSA,0.5435540069686411,3,TK,FGFR,NA,FGFR1
FGFR,0.7591666666666667,11,KRSA,0.5435540069686411,3,TK,FGFR,NA,FGFR2
FGFR,0.7591666666666667,11,KRSA,0.5435540069686411,3,TK,FGFR,NA,FGFR3
FGFR,0.7591666666666667,11,KRSA,0.5435540069686411,3,TK,FGFR,NA,FGFR4
ACK,0.7658333333333334,10,KRSA,0.5853658536585366,3,TK,ACK,NA,TNK2
FAK,-1.47,1,KRSA,0.9616724738675958,4,TK,FAK,NA,PTK2
FAK,-1.47,1,KRSA,0.9616724738675958,4,TK,FAK,NA,PTK2B
FRK,-0.31583333333333335,19,KRSA,0.20905923344947736,1,TK,SRC,FRK,FRK
FER,0.09500000000000006,23,KRSA,0.041811846689895474,1,TK,FER,NA,FER
FER,0.09500000000000006,23,KRSA,0.041811846689895474,1,TK,FER,NA,FES
TRK,-0.415,16,KRSA,0.3344947735191638,2,TK,TRK,NA,NTRK1
TRK,-0.415,16,KRSA,0.3344947735191638,2,TK,TRK,NA,NTRK2
TRK,-0.415,16,KRSA,0.3344947735191638,2,TK,TRK,NA,NTRK3
AXL,-0.33249999999999996,18,KRSA,0.2508710801393728,2,TK,AXL,NA,AXL
AXL,-0.33249999999999996,18,KRSA,0.2508710801393728,2,TK,AXL,NA,MERTK
AXL,-0.33249999999999996,18,KRSA,0.2508710801393728,2,TK,AXL,NA,TYRO3
RET,-0.5599999999999999,13,KRSA,0.45993031358885017,2,TK,RET,NA,RET
ABL,-0.14,22,KRSA,0.08362369337979095,1,TK,ABL,NA,ABL1
ABL,-0.14,22,KRSA,0.08362369337979095,1,TK,ABL,NA,ABL2
INSR,0.9891666666666666,7,KRSA,0.710801393728223,3,TK,INSR,NA,IGF1R
INSR,0.9891666666666666,7,KRSA,0.710801393728223,3,TK,INSR,NA,INSR
INSR,0.9891666666666666,7,KRSA,0.710801393728223,3,TK,INSR,NA,INSRR
EPH,-1.2041666666666666,4,KRSA,0.8362369337979094,4,TK,EPH,NA,EPHA1
EPH,-1.2041666666666666,4,KRSA,0.8362369337979094,4,TK,EPH,NA,EPHA2
EPH,-1.2041666666666666,4,KRSA,0.8362369337979094,4,TK,EPH,NA,EPHA3
EPH,-1.2041666666666666,4,KRSA,0.8362369337979094,4,TK,EPH,NA,EPHA4
EPH,-1.2041666666666666,4,KRSA,0.8362369337979094,4,TK,EPH,NA,EPHA5
EPH,-1.2041666666666666,4,KRSA,0.8362369337979094,4,TK,EPH,NA,EPHA7
EPH,-1.2041666666666666,4,KRSA,0.8362369337979094,4,TK,EPH,NA,EPHA8
EPH,-1.2041666666666666,4,KRSA,0.8362369337979094,4,TK,EPH,NA,EPHB1
EPH,-1.2041666666666666,4,KRSA,0.8362369337979094,4,TK,EPH,NA,EPHB2
EPH,-1.2041666666666666,4,KRSA,0.8362369337979094,4,TK,EPH,NA,EPHB3
EPH,-1.2041666666666666,4,KRSA,0.8362369337979094,4,TK,EPH,NA,EPHB4
TEC,-0.8075,8,KRSA,0.6689895470383276,3,TK,TEC,NA,BMX
TEC,-0.8075,8,KRSA,0.6689895470383276,3,TK,TEC,NA,BTK
TEC,-0.8075,8,KRSA,0.6689895470383276,3,TK,TEC,NA,ITK
TEC,-0.8075,8,KRSA,0.6689895470383276,3,TK,TEC,NA,TEC
TEC,-0.8075,8,KRSA,0.6689895470383276,3,TK,TEC,NA,TXK
JAK,-0.6975,12,KRSA,0.5017421602787456,3,TK,JAKA,NA,JAK1
JAK,-0.6975,12,KRSA,0.5017421602787456,3,TK,JAKA,NA,JAK2
JAK,-0.6975,12,KRSA,0.5017421602787456,3,TK,JAKA,NA,JAK3
JAK,-0.6975,12,KRSA,0.5017421602787456,3,TK,JAKA,NA,TYK2
EGFR,-0.4375,15,KRSA,0.37630662020905925,2,TK,EGFR,NA,EGFR
EGFR,-0.4375,15,KRSA,0.37630662020905925,2,TK,EGFR,NA,ERBB2
EGFR,-0.4375,15,KRSA,0.37630662020905925,2,TK,EGFR,NA,ERBB3
EGFR,-0.4375,15,KRSA,0.37630662020905925,2,TK,EGFR,NA,ERBB4
SRC,-0.1675,21,KRSA,0.1254355400696864,1,TK,SRC,SRCB,BLK
SRC,-0.1675,21,KRSA,0.1254355400696864,1,TK,SRC,SRCA,FGR
SRC,-0.1675,21,KRSA,0.1254355400696864,1,TK,SRC,SRCA,FYN
SRC,-0.1675,21,KRSA,0.1254355400696864,1,TK,SRC,SRCB,HCK
SRC,-0.1675,21,KRSA,0.1254355400696864,1,TK,SRC,SRCB,LCK
SRC,-0.1675,21,KRSA,0.1254355400696864,1,TK,SRC,SRCB,LYN
SRC,-0.1675,21,KRSA,0.1254355400696864,1,TK,SRC,SRM,PTK6
SRC,-0.1675,21,KRSA,0.1254355400696864,1,TK,SRC,SRCA,SRC
SRC,-0.1675,21,KRSA,0.1254355400696864,1,TK,SRC,SRM,SRMS
SRC,-0.1675,21,KRSA,0.1254355400696864,1,TK,SRC,SRCA,YES1
ALK,-0.03166666666666666,24,KRSA,0,1,TK,ALK,NA,ALK
ALK,-0.03166666666666666,24,KRSA,0,1,TK,ALK,NA,LTK
MET,0.17166666666666666,20,KRSA,0.1672473867595819,1,TK,MET,NA,MET
MET,0.17166666666666666,20,KRSA,0.1672473867595819,1,TK,MET,NA,MST1R
DDR,1.288333333333333,2,KRSA,0.9198606271777003,4,TK,DDR,NA,DDR1
DDR,1.288333333333333,2,KRSA,0.9198606271777003,4,TK,DDR,NA,DDR2
VEGFR,0.5125,14,KRSA,0.4181184668989547,2,TK,VEGFR,NA,FLT1
VEGFR,0.5125,14,KRSA,0.4181184668989547,2,TK,VEGFR,NA,FLT4
VEGFR,0.5125,14,KRSA,0.4181184668989547,2,TK,VEGFR,NA,KDR
FAK,-1.47,1,KRSA,0.9616724738675958,4,TK,FAK,NA,PTK2
FAK,-1.47,1,KRSA,0.9616724738675958,4,TK,FAK,NA,PTK2B
SYK,-1.25,3,KRSA,0.8780487804878049,4,TK,SYK,NA,SYK
SYK,-1.25,3,KRSA,0.8780487804878049,4,TK,SYK,NA,ZAP70
FGFR,0.7591666666666667,11,KRSA,0.5435540069686411,3,TK,FGFR,NA,FGFR1
FGFR,0.7591666666666667,11,KRSA,0.5435540069686411,3,TK,FGFR,NA,FGFR2
FGFR,0.7591666666666667,11,KRSA,0.5435540069686411,3,TK,FGFR,NA,FGFR3
FGFR,0.7591666666666667,11,KRSA,0.5435540069686411,3,TK,FGFR,NA,FGFR4
PDGFR,-1.1175,6,KRSA,0.7526132404181185,4,TK,PDGFR,NA,CSF1R
PDGFR,-1.1175,6,KRSA,0.7526132404181185,4,TK,PDGFR,NA,FLT3
PDGFR,-1.1175,6,KRSA,0.7526132404181185,4,TK,PDGFR,NA,KIT
PDGFR,-1.1175,6,KRSA,0.7526132404181185,4,TK,PDGFR,NA,PDGFRA
PDGFR,-1.1175,6,KRSA,0.7526132404181185,4,TK,PDGFR,NA,PDGFRB
ACK,0.7658333333333334,10,KRSA,0.5853658536585366,3,TK,ACK,NA,TNK2
SEV,0.3858333333333333,17,KRSA,0.2926829268292683,2,TK,SEV,NA,ROS1
FER,0.09500000000000006,23,KRSA,0.041811846689895474,1,TK,FER,NA,FER
FER,0.09500000000000006,23,KRSA,0.041811846689895474,1,TK,FER,NA,FES
CSK,0.7791666666666667,9,KRSA,0.627177700348432,3,TK,CSK,NA,CSK
CSK,0.7791666666666667,9,KRSA,0.627177700348432,3,TK,CSK,NA,MATK
RYK,-1.1216666666666666,5,KRSA,0.794425087108014,4,TK,RYK,NA,RYK
EPH,-1.2041666666666666,4,KRSA,0.8362369337979094,4,TK,EPH,NA,EPHA1
EPH,-1.2041666666666666,4,KRSA,0.8362369337979094,4,TK,EPH,NA,EPHA2
EPH,-1.2041666666666666,4,KRSA,0.8362369337979094,4,TK,EPH,NA,EPHA3
EPH,-1.2041666666666666,4,KRSA,0.8362369337979094,4,TK,EPH,NA,EPHA4
EPH,-1.2041666666666666,4,KRSA,0.8362369337979094,4,TK,EPH,NA,EPHA5
EPH,-1.2041666666666666,4,KRSA,0.8362369337979094,4,TK,EPH,NA,EPHA7
EPH,-1.2041666666666666,4,KRSA,0.8362369337979094,4,TK,EPH,NA,EPHA8
EPH,-1.2041666666666666,4,KRSA,0.8362369337979094,4,TK,EPH,NA,EPHB1
EPH,-1.2041666666666666,4,KRSA,0.8362369337979094,4,TK,EPH,NA,EPHB2
EPH,-1.2041666666666666,4,KRSA,0.8362369337979094,4,TK,EPH,NA,EPHB3
EPH,-1.2041666666666666,4,KRSA,0.8362369337979094,4,TK,EPH,NA,EPHB4
RET,-0.5599999999999999,13,KRSA,0.45993031358885017,2,TK,RET,NA,RET
INSR,0.9891666666666666,7,KRSA,0.710801393728223,3,TK,INSR,NA,IGF1R
INSR,0.9891666666666666,7,KRSA,0.710801393728223,3,TK,INSR,NA,INSR
INSR,0.9891666666666666,7,KRSA,0.710801393728223,3,TK,INSR,NA,INSRR
EGFR,-0.4375,15,KRSA,0.37630662020905925,2,TK,EGFR,NA,EGFR
EGFR,-0.4375,15,KRSA,0.37630662020905925,2,TK,EGFR,NA,ERBB2
EGFR,-0.4375,15,KRSA,0.37630662020905925,2,TK,EGFR,NA,ERBB3
EGFR,-0.4375,15,KRSA,0.37630662020905925,2,TK,EGFR,NA,ERBB4
TRK,-0.415,16,KRSA,0.3344947735191638,2,TK,TRK,NA,NTRK1
TRK,-0.415,16,KRSA,0.3344947735191638,2,TK,TRK,NA,NTRK2
TRK,-0.415,16,KRSA,0.3344947735191638,2,TK,TRK,NA,NTRK3
JAK,-0.6975,12,KRSA,0.5017421602787456,3,TK,JAKA,NA,JAK1
JAK,-0.6975,12,KRSA,0.5017421602787456,3,TK,JAKA,NA,JAK2
JAK,-0.6975,12,KRSA,0.5017421602787456,3,TK,JAKA,NA,JAK3
JAK,-0.6975,12,KRSA,0.5017421602787456,3,TK,JAKA,NA,TYK2
SRC,-0.1675,21,KRSA,0.1254355400696864,1,TK,SRC,SRCB,BLK
SRC,-0.1675,21,KRSA,0.1254355400696864,1,TK,SRC,SRCA,FGR
SRC,-0.1675,21,KRSA,0.1254355400696864,1,TK,SRC,SRCA,FYN
SRC,-0.1675,21,KRSA,0.1254355400696864,1,TK,SRC,SRCB,HCK
SRC,-0.1675,21,KRSA,0.1254355400696864,1,TK,SRC,SRCB,LCK
SRC,-0.1675,21,KRSA,0.1254355400696864,1,TK,SRC,SRCB,LYN
SRC,-0.1675,21,KRSA,0.1254355400696864,1,TK,SRC,SRM,PTK6
SRC,-0.1675,21,KRSA,0.1254355400696864,1,TK,SRC,SRCA,SRC
SRC,-0.1675,21,KRSA,0.1254355400696864,1,TK,SRC,SRM,SRMS
SRC,-0.1675,21,KRSA,0.1254355400696864,1,TK,SRC,SRCA,YES1
FRK,-0.31583333333333335,19,KRSA,0.20905923344947736,1,TK,SRC,FRK,FRK
AXL,-0.33249999999999996,18,KRSA,0.2508710801393728,2,TK,AXL,NA,AXL
AXL,-0.33249999999999996,18,KRSA,0.2508710801393728,2,TK,AXL,NA,MERTK
AXL,-0.33249999999999996,18,KRSA,0.2508710801393728,2,TK,AXL,NA,TYRO3
ALK,-0.03166666666666666,24,KRSA,0,1,TK,ALK,NA,ALK
ALK,-0.03166666666666666,24,KRSA,0,1,TK,ALK,NA,LTK
ABL,-0.14,22,KRSA,0.08362369337979095,1,TK,ABL,NA,ABL1
ABL,-0.14,22,KRSA,0.08362369337979095,1,TK,ABL,NA,ABL2
TEC,-0.8075,8,KRSA,0.6689895470383276,3,TK,TEC,NA,BMX
TEC,-0.8075,8,KRSA,0.6689895470383276,3,TK,TEC,NA,BTK
TEC,-0.8075,8,KRSA,0.6689895470383276,3,TK,TEC,NA,ITK
TEC,-0.8075,8,KRSA,0.6689895470383276,3,TK,TEC,NA,TEC
TEC,-0.8075,8,KRSA,0.6689895470383276,3,TK,TEC,NA,TXK
MET,0.17166666666666666,20,KRSA,0.1672473867595819,1,TK,MET,NA,MET
MET,0.17166666666666666,20,KRSA,0.1672473867595819,1,TK,MET,NA,MST1R
FAK,-1.47,1,KRSA,0.9616724738675958,4,TK,FAK,NA,PTK2
FAK,-1.47,1,KRSA,0.9616724738675958,4,TK,FAK,NA,PTK2B
INSR,0.9891666666666666,7,KRSA,0.710801393728223,3,TK,INSR,NA,IGF1R
INSR,0.9891666666666666,7,KRSA,0.710801393728223,3,TK,INSR,NA,INSR
INSR,0.9891666666666666,7,KRSA,0.710801393728223,3,TK,INSR,NA,INSRR
VEGFR,0.5125,14,KRSA,0.4181184668989547,2,TK,VEGFR,NA,FLT1
VEGFR,0.5125,14,KRSA,0.4181184668989547,2,TK,VEGFR,NA,FLT4
VEGFR,0.5125,14,KRSA,0.4181184668989547,2,TK,VEGFR,NA,KDR
ACK,0.7658333333333334,10,KRSA,0.5853658536585366,3,TK,ACK,NA,TNK2
FGFR,0.7591666666666667,11,KRSA,0.5435540069686411,3,TK,FGFR,NA,FGFR1
FGFR,0.7591666666666667,11,KRSA,0.5435540069686411,3,TK,FGFR,NA,FGFR2
FGFR,0.7591666666666667,11,KRSA,0.5435540069686411,3,TK,FGFR,NA,FGFR3
FGFR,0.7591666666666667,11,KRSA,0.5435540069686411,3,TK,FGFR,NA,FGFR4
CSK,0.7791666666666667,9,KRSA,0.627177700348432,3,TK,CSK,NA,CSK
CSK,0.7791666666666667,9,KRSA,0.627177700348432,3,TK,CSK,NA,MATK
DDR,1.288333333333333,2,KRSA,0.9198606271777003,4,TK,DDR,NA,DDR1
DDR,1.288333333333333,2,KRSA,0.9198606271777003,4,TK,DDR,NA,DDR2
FER,0.09500000000000006,23,KRSA,0.041811846689895474,1,TK,FER,NA,FER
FER,0.09500000000000006,23,KRSA,0.041811846689895474,1,TK,FER,NA,FES
PDGFR,-1.1175,6,KRSA,0.7526132404181185,4,TK,PDGFR,NA,CSF1R
PDGFR,-1.1175,6,KRSA,0.7526132404181185,4,TK,PDGFR,NA,FLT3
PDGFR,-1.1175,6,KRSA,0.7526132404181185,4,TK,PDGFR,NA,KIT
PDGFR,-1.1175,6,KRSA,0.7526132404181185,4,TK,PDGFR,NA,PDGFRA
PDGFR,-1.1175,6,KRSA,0.7526132404181185,4,TK,PDGFR,NA,PDGFRB
SYK,-1.25,3,KRSA,0.8780487804878049,4,TK,SYK,NA,SYK
SYK,-1.25,3,KRSA,0.8780487804878049,4,TK,SYK,NA,ZAP70
SRC,-0.1675,21,KRSA,0.1254355400696864,1,TK,SRC,SRCB,BLK
SRC,-0.1675,21,KRSA,0.1254355400696864,1,TK,SRC,SRCA,FGR
SRC,-0.1675,21,KRSA,0.1254355400696864,1,TK,SRC,SRCA,FYN
SRC,-0.1675,21,KRSA,0.1254355400696864,1,TK,SRC,SRCB,HCK
SRC,-0.1675,21,KRSA,0.1254355400696864,1,TK,SRC,SRCB,LCK
SRC,-0.1675,21,KRSA,0.1254355400696864,1,TK,SRC,SRCB,LYN
SRC,-0.1675,21,KRSA,0.1254355400696864,1,TK,SRC,SRM,PTK6
SRC,-0.1675,21,KRSA,0.1254355400696864,1,TK,SRC,SRCA,SRC
SRC,-0.1675,21,KRSA,0.1254355400696864,1,TK,SRC,SRM,SRMS
SRC,-0.1675,21,KRSA,0.1254355400696864,1,TK,SRC,SRCA,YES1
RYK,-1.1216666666666666,5,KRSA,0.794425087108014,4,TK,RYK,NA,RYK
EPH,-1.2041666666666666,4,KRSA,0.8362369337979094,4,TK,EPH,NA,EPHA1
EPH,-1.2041666666666666,4,KRSA,0.8362369337979094,4,TK,EPH,NA,EPHA2
EPH,-1.2041666666666666,4,KRSA,0.8362369337979094,4,TK,EPH,NA,EPHA3
EPH,-1.2041666666666666,4,KRSA,0.8362369337979094,4,TK,EPH,NA,EPHA4
EPH,-1.2041666666666666,4,KRSA,0.8362369337979094,4,TK,EPH,NA,EPHA5
EPH,-1.2041666666666666,4,KRSA,0.8362369337979094,4,TK,EPH,NA,EPHA7
EPH,-1.2041666666666666,4,KRSA,0.8362369337979094,4,TK,EPH,NA,EPHA8
EPH,-1.2041666666666666,4,KRSA,0.8362369337979094,4,TK,EPH,NA,EPHB1
EPH,-1.2041666666666666,4,KRSA,0.8362369337979094,4,TK,EPH,NA,EPHB2
EPH,-1.2041666666666666,4,KRSA,0.8362369337979094,4,TK,EPH,NA,EPHB3
EPH,-1.2041666666666666,4,KRSA,0.8362369337979094,4,TK,EPH,NA,EPHB4
EGFR,-0.4375,15,KRSA,0.37630662020905925,2,TK,EGFR,NA,EGFR
EGFR,-0.4375,15,KRSA,0.37630662020905925,2,TK,EGFR,NA,ERBB2
EGFR,-0.4375,15,KRSA,0.37630662020905925,2,TK,EGFR,NA,ERBB3
EGFR,-0.4375,15,KRSA,0.37630662020905925,2,TK,EGFR,NA,ERBB4
SEV,0.3858333333333333,17,KRSA,0.2926829268292683,2,TK,SEV,NA,ROS1
TEC,-0.8075,8,KRSA,0.6689895470383276,3,TK,TEC,NA,BMX
TEC,-0.8075,8,KRSA,0.6689895470383276,3,TK,TEC,NA,BTK
TEC,-0.8075,8,KRSA,0.6689895470383276,3,TK,TEC,NA,ITK
TEC,-0.8075,8,KRSA,0.6689895470383276,3,TK,TEC,NA,TEC
TEC,-0.8075,8,KRSA,0.6689895470383276,3,TK,TEC,NA,TXK
ABL,-0.14,22,KRSA,0.08362369337979095,1,TK,ABL,NA,ABL1
ABL,-0.14,22,KRSA,0.08362369337979095,1,TK,ABL,NA,ABL2
MET,0.17166666666666666,20,KRSA,0.1672473867595819,1,TK,MET,NA,MET
MET,0.17166666666666666,20,KRSA,0.1672473867595819,1,TK,MET,NA,MST1R
FRK,-0.31583333333333335,19,KRSA,0.20905923344947736,1,TK,SRC,FRK,FRK
ALK,-0.03166666666666666,24,KRSA,0,1,TK,ALK,NA,ALK
ALK,-0.03166666666666666,24,KRSA,0,1,TK,ALK,NA,LTK
JAK,-0.6975,12,KRSA,0.5017421602787456,3,TK,JAKA,NA,JAK1
JAK,-0.6975,12,KRSA,0.5017421602787456,3,TK,JAKA,NA,JAK2
JAK,-0.6975,12,KRSA,0.5017421602787456,3,TK,JAKA,NA,JAK3
JAK,-0.6975,12,KRSA,0.5017421602787456,3,TK,JAKA,NA,TYK2
TRK,-0.415,16,KRSA,0.3344947735191638,2,TK,TRK,NA,NTRK1
TRK,-0.415,16,KRSA,0.3344947735191638,2,TK,TRK,NA,NTRK2
TRK,-0.415,16,KRSA,0.3344947735191638,2,TK,TRK,NA,NTRK3
AXL,-0.33249999999999996,18,KRSA,0.2508710801393728,2,TK,AXL,NA,AXL
AXL,-0.33249999999999996,18,KRSA,0.2508710801393728,2,TK,AXL,NA,MERTK
AXL,-0.33249999999999996,18,KRSA,0.2508710801393728,2,TK,AXL,NA,TYRO3
RET,-0.5599999999999999,13,KRSA,0.45993031358885017,2,TK,RET,NA,RET
ACK,0.7658333333333334,10,KRSA,0.5853658536585366,3,TK,ACK,NA,TNK2
FAK,-1.47,1,KRSA,0.9616724738675958,4,TK,FAK,NA,PTK2
FAK,-1.47,1,KRSA,0.9616724738675958,4,TK,FAK,NA,PTK2B
SRC,-0.1675,21,KRSA,0.1254355400696864,1,TK,SRC,SRCB,BLK
SRC,-0.1675,21,KRSA,0.1254355400696864,1,TK,SRC,SRCA,FGR
SRC,-0.1675,21,KRSA,0.1254355400696864,1,TK,SRC,SRCA,FYN
SRC,-0.1675,21,KRSA,0.1254355400696864,1,TK,SRC,SRCB,HCK
SRC,-0.1675,21,KRSA,0.1254355400696864,1,TK,SRC,SRCB,LCK
SRC,-0.1675,21,KRSA,0.1254355400696864,1,TK,SRC,SRCB,LYN
SRC,-0.1675,21,KRSA,0.1254355400696864,1,TK,SRC,SRM,PTK6
SRC,-0.1675,21,KRSA,0.1254355400696864,1,TK,SRC,SRCA,SRC
SRC,-0.1675,21,KRSA,0.1254355400696864,1,TK,SRC,SRM,SRMS
SRC,-0.1675,21,KRSA,0.1254355400696864,1,TK,SRC,SRCA,YES1
EPH,-1.2041666666666666,4,KRSA,0.8362369337979094,4,TK,EPH,NA,EPHA1
EPH,-1.2041666666666666,4,KRSA,0.8362369337979094,4,TK,EPH,NA,EPHA2
EPH,-1.2041666666666666,4,KRSA,0.8362369337979094,4,TK,EPH,NA,EPHA3
EPH,-1.2041666666666666,4,KRSA,0.8362369337979094,4,TK,EPH,NA,EPHA4
EPH,-1.2041666666666666,4,KRSA,0.8362369337979094,4,TK,EPH,NA,EPHA5
EPH,-1.2041666666666666,4,KRSA,0.8362369337979094,4,TK,EPH,NA,EPHA7
EPH,-1.2041666666666666,4,KRSA,0.8362369337979094,4,TK,EPH,NA,EPHA8
EPH,-1.2041666666666666,4,KRSA,0.8362369337979094,4,TK,EPH,NA,EPHB1
EPH,-1.2041666666666666,4,KRSA,0.8362369337979094,4,TK,EPH,NA,EPHB2
EPH,-1.2041666666666666,4,KRSA,0.8362369337979094,4,TK,EPH,NA,EPHB3
EPH,-1.2041666666666666,4,KRSA,0.8362369337979094,4,TK,EPH,NA,EPHB4
TRK,-0.415,16,KRSA,0.3344947735191638,2,TK,TRK,NA,NTRK1
TRK,-0.415,16,KRSA,0.3344947735191638,2,TK,TRK,NA,NTRK2
TRK,-0.415,16,KRSA,0.3344947735191638,2,TK,TRK,NA,NTRK3
PDGFR,-1.1175,6,KRSA,0.7526132404181185,4,TK,PDGFR,NA,CSF1R
PDGFR,-1.1175,6,KRSA,0.7526132404181185,4,TK,PDGFR,NA,FLT3
PDGFR,-1.1175,6,KRSA,0.7526132404181185,4,TK,PDGFR,NA,KIT
PDGFR,-1.1175,6,KRSA,0.7526132404181185,4,TK,PDGFR,NA,PDGFRA
PDGFR,-1.1175,6,KRSA,0.7526132404181185,4,TK,PDGFR,NA,PDGFRB
INSR,0.9891666666666666,7,KRSA,0.710801393728223,3,TK,INSR,NA,IGF1R
INSR,0.9891666666666666,7,KRSA,0.710801393728223,3,TK,INSR,NA,INSR
INSR,0.9891666666666666,7,KRSA,0.710801393728223,3,TK,INSR,NA,INSRR
FER,0.09500000000000006,23,KRSA,0.041811846689895474,1,TK,FER,NA,FER
FER,0.09500000000000006,23,KRSA,0.041811846689895474,1,TK,FER,NA,FES
CSK,0.7791666666666667,9,KRSA,0.627177700348432,3,TK,CSK,NA,CSK
CSK,0.7791666666666667,9,KRSA,0.627177700348432,3,TK,CSK,NA,MATK
FGFR,0.7591666666666667,11,KRSA,0.5435540069686411,3,TK,FGFR,NA,FGFR1
FGFR,0.7591666666666667,11,KRSA,0.5435540069686411,3,TK,FGFR,NA,FGFR2
FGFR,0.7591666666666667,11,KRSA,0.5435540069686411,3,TK,FGFR,NA,FGFR3
FGFR,0.7591666666666667,11,KRSA,0.5435540069686411,3,TK,FGFR,NA,FGFR4
SYK,-1.25,3,KRSA,0.8780487804878049,4,TK,SYK,NA,SYK
SYK,-1.25,3,KRSA,0.8780487804878049,4,TK,SYK,NA,ZAP70
RYK,-1.1216666666666666,5,KRSA,0.794425087108014,4,TK,RYK,NA,RYK
SEV,0.3858333333333333,17,KRSA,0.2926829268292683,2,TK,SEV,NA,ROS1
FRK,-0.31583333333333335,19,KRSA,0.20905923344947736,1,TK,SRC,FRK,FRK
ABL,-0.14,22,KRSA,0.08362369337979095,1,TK,ABL,NA,ABL1
ABL,-0.14,22,KRSA,0.08362369337979095,1,TK,ABL,NA,ABL2
MET,0.17166666666666666,20,KRSA,0.1672473867595819,1,TK,MET,NA,MET
MET,0.17166666666666666,20,KRSA,0.1672473867595819,1,TK,MET,NA,MST1R
RET,-0.5599999999999999,13,KRSA,0.45993031358885017,2,TK,RET,NA,RET
ALK,-0.03166666666666666,24,KRSA,0,1,TK,ALK,NA,ALK
ALK,-0.03166666666666666,24,KRSA,0,1,TK,ALK,NA,LTK
DDR,1.288333333333333,2,KRSA,0.9198606271777003,4,TK,DDR,NA,DDR1
DDR,1.288333333333333,2,KRSA,0.9198606271777003,4,TK,DDR,NA,DDR2
VEGFR,0.5125,14,KRSA,0.4181184668989547,2,TK,VEGFR,NA,FLT1
VEGFR,0.5125,14,KRSA,0.4181184668989547,2,TK,VEGFR,NA,FLT4
VEGFR,0.5125,14,KRSA,0.4181184668989547,2,TK,VEGFR,NA,KDR
EGFR,-0.4375,15,KRSA,0.37630662020905925,2,TK,EGFR,NA,EGFR
EGFR,-0.4375,15,KRSA,0.37630662020905925,2,TK,EGFR,NA,ERBB2
EGFR,-0.4375,15,KRSA,0.37630662020905925,2,TK,EGFR,NA,ERBB3
EGFR,-0.4375,15,KRSA,0.37630662020905925,2,TK,EGFR,NA,ERBB4
JAK,-0.6975,12,KRSA,0.5017421602787456,3,TK,JAKA,NA,JAK1
JAK,-0.6975,12,KRSA,0.5017421602787456,3,TK,JAKA,NA,JAK2
JAK,-0.6975,12,KRSA,0.5017421602787456,3,TK,JAKA,NA,JAK3
JAK,-0.6975,12,KRSA,0.5017421602787456,3,TK,JAKA,NA,TYK2
TEC,-0.8075,8,KRSA,0.6689895470383276,3,TK,TEC,NA,BMX
TEC,-0.8075,8,KRSA,0.6689895470383276,3,TK,TEC,NA,BTK
TEC,-0.8075,8,KRSA,0.6689895470383276,3,TK,TEC,NA,ITK
TEC,-0.8075,8,KRSA,0.6689895470383276,3,TK,TEC,NA,TEC
TEC,-0.8075,8,KRSA,0.6689895470383276,3,TK,TEC,NA,TXK
AXL,-0.33249999999999996,18,KRSA,0.2508710801393728,2,TK,AXL,NA,AXL
AXL,-0.33249999999999996,18,KRSA,0.2508710801393728,2,TK,AXL,NA,MERTK
AXL,-0.33249999999999996,18,KRSA,0.2508710801393728,2,TK,AXL,NA,TYRO3
DDR,1.288333333333333,2,KRSA,0.9198606271777003,4,TK,DDR,NA,DDR1
DDR,1.288333333333333,2,KRSA,0.9198606271777003,4,TK,DDR,NA,DDR2
SYK,-1.25,3,KRSA,0.8780487804878049,4,TK,SYK,NA,SYK
SYK,-1.25,3,KRSA,0.8780487804878049,4,TK,SYK,NA,ZAP70
RYK,-1.1216666666666666,5,KRSA,0.794425087108014,4,TK,RYK,NA,RYK
EPH,-1.2041666666666666,4,KRSA,0.8362369337979094,4,TK,EPH,NA,EPHA1
EPH,-1.2041666666666666,4,KRSA,0.8362369337979094,4,TK,EPH,NA,EPHA2
EPH,-1.2041666666666666,4,KRSA,0.8362369337979094,4,TK,EPH,NA,EPHA3
EPH,-1.2041666666666666,4,KRSA,0.8362369337979094,4,TK,EPH,NA,EPHA4
EPH,-1.2041666666666666,4,KRSA,0.8362369337979094,4,TK,EPH,NA,EPHA5
EPH,-1.2041666666666666,4,KRSA,0.8362369337979094,4,TK,EPH,NA,EPHA7
EPH,-1.2041666666666666,4,KRSA,0.8362369337979094,4,TK,EPH,NA,EPHA8
EPH,-1.2041666666666666,4,KRSA,0.8362369337979094,4,TK,EPH,NA,EPHB1
EPH,-1.2041666666666666,4,KRSA,0.8362369337979094,4,TK,EPH,NA,EPHB2
EPH,-1.2041666666666666,4,KRSA,0.8362369337979094,4,TK,EPH,NA,EPHB3
EPH,-1.2041666666666666,4,KRSA,0.8362369337979094,4,TK,EPH,NA,EPHB4
PDGFR,-1.1175,6,KRSA,0.7526132404181185,4,TK,PDGFR,NA,CSF1R
PDGFR,-1.1175,6,KRSA,0.7526132404181185,4,TK,PDGFR,NA,FLT3
PDGFR,-1.1175,6,KRSA,0.7526132404181185,4,TK,PDGFR,NA,KIT
PDGFR,-1.1175,6,KRSA,0.7526132404181185,4,TK,PDGFR,NA,PDGFRA
PDGFR,-1.1175,6,KRSA,0.7526132404181185,4,TK,PDGFR,NA,PDGFRB
CSK,0.7791666666666667,9,KRSA,0.627177700348432,3,TK,CSK,NA,CSK
CSK,0.7791666666666667,9,KRSA,0.627177700348432,3,TK,CSK,NA,MATK
SEV,0.3858333333333333,17,KRSA,0.2926829268292683,2,TK,SEV,NA,ROS1
JAK,-0.6975,12,KRSA,0.5017421602787456,3,TK,JAKA,NA,JAK1
JAK,-0.6975,12,KRSA,0.5017421602787456,3,TK,JAKA,NA,JAK2
JAK,-0.6975,12,KRSA,0.5017421602787456,3,TK,JAKA,NA,JAK3
JAK,-0.6975,12,KRSA,0.5017421602787456,3,TK,JAKA,NA,TYK2
ACK,0.7658333333333334,10,KRSA,0.5853658536585366,3,TK,ACK,NA,TNK2
EGFR,-0.4375,15,KRSA,0.37630662020905925,2,TK,EGFR,NA,EGFR
EGFR,-0.4375,15,KRSA,0.37630662020905925,2,TK,EGFR,NA,ERBB2
EGFR,-0.4375,15,KRSA,0.37630662020905925,2,TK,EGFR,NA,ERBB3
EGFR,-0.4375,15,KRSA,0.37630662020905925,2,TK,EGFR,NA,ERBB4
FAK,-1.47,1,KRSA,0.9616724738675958,4,TK,FAK,NA,PTK2
FAK,-1.47,1,KRSA,0.9616724738675958,4,TK,FAK,NA,PTK2B
AXL,-0.33249999999999996,18,KRSA,0.2508710801393728,2,TK,AXL,NA,AXL
AXL,-0.33249999999999996,18,KRSA,0.2508710801393728,2,TK,AXL,NA,MERTK
AXL,-0.33249999999999996,18,KRSA,0.2508710801393728,2,TK,AXL,NA,TYRO3
MET,0.17166666666666666,20,KRSA,0.1672473867595819,1,TK,MET,NA,MET
MET,0.17166666666666666,20,KRSA,0.1672473867595819,1,TK,MET,NA,MST1R
TEC,-0.8075,8,KRSA,0.6689895470383276,3,TK,TEC,NA,BMX
TEC,-0.8075,8,KRSA,0.6689895470383276,3,TK,TEC,NA,BTK
TEC,-0.8075,8,KRSA,0.6689895470383276,3,TK,TEC,NA,ITK
TEC,-0.8075,8,KRSA,0.6689895470383276,3,TK,TEC,NA,TEC
TEC,-0.8075,8,KRSA,0.6689895470383276,3,TK,TEC,NA,TXK
RET,-0.5599999999999999,13,KRSA,0.45993031358885017,2,TK,RET,NA,RET
FGFR,0.7591666666666667,11,KRSA,0.5435540069686411,3,TK,FGFR,NA,FGFR1
FGFR,0.7591666666666667,11,KRSA,0.5435540069686411,3,TK,FGFR,NA,FGFR2
FGFR,0.7591666666666667,11,KRSA,0.5435540069686411,3,TK,FGFR,NA,FGFR3
FGFR,0.7591666666666667,11,KRSA,0.5435540069686411,3,TK,FGFR,NA,FGFR4
INSR,0.9891666666666666,7,KRSA,0.710801393728223,3,TK,INSR,NA,IGF1R
INSR,0.9891666666666666,7,KRSA,0.710801393728223,3,TK,INSR,NA,INSR
INSR,0.9891666666666666,7,KRSA,0.710801393728223,3,TK,INSR,NA,INSRR
TRK,-0.415,16,KRSA,0.3344947735191638,2,TK,TRK,NA,NTRK1
TRK,-0.415,16,KRSA,0.3344947735191638,2,TK,TRK,NA,NTRK2
TRK,-0.415,16,KRSA,0.3344947735191638,2,TK,TRK,NA,NTRK3
VEGFR,0.5125,14,KRSA,0.4181184668989547,2,TK,VEGFR,NA,FLT1
VEGFR,0.5125,14,KRSA,0.4181184668989547,2,TK,VEGFR,NA,FLT4
VEGFR,0.5125,14,KRSA,0.4181184668989547,2,TK,VEGFR,NA,KDR
ABL,-0.14,22,KRSA,0.08362369337979095,1,TK,ABL,NA,ABL1
ABL,-0.14,22,KRSA,0.08362369337979095,1,TK,ABL,NA,ABL2
FER,0.09500000000000006,23,KRSA,0.041811846689895474,1,TK,FER,NA,FER
FER,0.09500000000000006,23,KRSA,0.041811846689895474,1,TK,FER,NA,FES
SRC,-0.1675,21,KRSA,0.1254355400696864,1,TK,SRC,SRCB,BLK
SRC,-0.1675,21,KRSA,0.1254355400696864,1,TK,SRC,SRCA,FGR
SRC,-0.1675,21,KRSA,0.1254355400696864,1,TK,SRC,SRCA,FYN
SRC,-0.1675,21,KRSA,0.1254355400696864,1,TK,SRC,SRCB,HCK
SRC,-0.1675,21,KRSA,0.1254355400696864,1,TK,SRC,SRCB,LCK
SRC,-0.1675,21,KRSA,0.1254355400696864,1,TK,SRC,SRCB,LYN
SRC,-0.1675,21,KRSA,0.1254355400696864,1,TK,SRC,SRM,PTK6
SRC,-0.1675,21,KRSA,0.1254355400696864,1,TK,SRC,SRCA,SRC
SRC,-0.1675,21,KRSA,0.1254355400696864,1,TK,SRC,SRM,SRMS
SRC,-0.1675,21,KRSA,0.1254355400696864,1,TK,SRC,SRCA,YES1
FRK,-0.31583333333333335,19,KRSA,0.20905923344947736,1,TK,SRC,FRK,FRK
ALK,-0.03166666666666666,24,KRSA,0,1,TK,ALK,NA,ALK
ALK,-0.03166666666666666,24,KRSA,0,1,TK,ALK,NA,LTK
DDR,1.288333333333333,2,KRSA,0.9198606271777003,4,TK,DDR,NA,DDR1
DDR,1.288333333333333,2,KRSA,0.9198606271777003,4,TK,DDR,NA,DDR2
SYK,-1.25,3,KRSA,0.8780487804878049,4,TK,SYK,NA,SYK
SYK,-1.25,3,KRSA,0.8780487804878049,4,TK,SYK,NA,ZAP70
RYK,-1.1216666666666666,5,KRSA,0.794425087108014,4,TK,RYK,NA,RYK
EPH,-1.2041666666666666,4,KRSA,0.8362369337979094,4,TK,EPH,NA,EPHA1
EPH,-1.2041666666666666,4,KRSA,0.8362369337979094,4,TK,EPH,NA,EPHA2
EPH,-1.2041666666666666,4,KRSA,0.8362369337979094,4,TK,EPH,NA,EPHA3
EPH,-1.2041666666666666,4,KRSA,0.8362369337979094,4,TK,EPH,NA,EPHA4
EPH,-1.2041666666666666,4,KRSA,0.8362369337979094,4,TK,EPH,NA,EPHA5
EPH,-1.2041666666666666,4,KRSA,0.8362369337979094,4,TK,EPH,NA,EPHA7
EPH,-1.2041666666666666,4,KRSA,0.8362369337979094,4,TK,EPH,NA,EPHA8
EPH,-1.2041666666666666,4,KRSA,0.8362369337979094,4,TK,EPH,NA,EPHB1
EPH,-1.2041666666666666,4,KRSA,0.8362369337979094,4,TK,EPH,NA,EPHB2
EPH,-1.2041666666666666,4,KRSA,0.8362369337979094,4,TK,EPH,NA,EPHB3
EPH,-1.2041666666666666,4,KRSA,0.8362369337979094,4,TK,EPH,NA,EPHB4
PDGFR,-1.1175,6,KRSA,0.7526132404181185,4,TK,PDGFR,NA,CSF1R
PDGFR,-1.1175,6,KRSA,0.7526132404181185,4,TK,PDGFR,NA,FLT3
PDGFR,-1.1175,6,KRSA,0.7526132404181185,4,TK,PDGFR,NA,KIT
PDGFR,-1.1175,6,KRSA,0.7526132404181185,4,TK,PDGFR,NA,PDGFRA
PDGFR,-1.1175,6,KRSA,0.7526132404181185,4,TK,PDGFR,NA,PDGFRB
CSK,0.7791666666666667,9,KRSA,0.627177700348432,3,TK,CSK,NA,CSK
CSK,0.7791666666666667,9,KRSA,0.627177700348432,3,TK,CSK,NA,MATK
SEV,0.3858333333333333,17,KRSA,0.2926829268292683,2,TK,SEV,NA,ROS1
JAK,-0.6975,12,KRSA,0.5017421602787456,3,TK,JAKA,NA,JAK1
JAK,-0.6975,12,KRSA,0.5017421602787456,3,TK,JAKA,NA,JAK2
JAK,-0.6975,12,KRSA,0.5017421602787456,3,TK,JAKA,NA,JAK3
JAK,-0.6975,12,KRSA,0.5017421602787456,3,TK,JAKA,NA,TYK2
ACK,0.7658333333333334,10,KRSA,0.5853658536585366,3,TK,ACK,NA,TNK2
EGFR,-0.4375,15,KRSA,0.37630662020905925,2,TK,EGFR,NA,EGFR
EGFR,-0.4375,15,KRSA,0.37630662020905925,2,TK,EGFR,NA,ERBB2
EGFR,-0.4375,15,KRSA,0.37630662020905925,2,TK,EGFR,NA,ERBB3
EGFR,-0.4375,15,KRSA,0.37630662020905925,2,TK,EGFR,NA,ERBB4
FAK,-1.47,1,KRSA,0.9616724738675958,4,TK,FAK,NA,PTK2
FAK,-1.47,1,KRSA,0.9616724738675958,4,TK,FAK,NA,PTK2B
AXL,-0.33249999999999996,18,KRSA,0.2508710801393728,2,TK,AXL,NA,AXL
AXL,-0.33249999999999996,18,KRSA,0.2508710801393728,2,TK,AXL,NA,MERTK
AXL,-0.33249999999999996,18,KRSA,0.2508710801393728,2,TK,AXL,NA,TYRO3
MET,0.17166666666666666,20,KRSA,0.1672473867595819,1,TK,MET,NA,MET
MET,0.17166666666666666,20,KRSA,0.1672473867595819,1,TK,MET,NA,MST1R
TEC,-0.8075,8,KRSA,0.6689895470383276,3,TK,TEC,NA,BMX
TEC,-0.8075,8,KRSA,0.6689895470383276,3,TK,TEC,NA,BTK
TEC,-0.8075,8,KRSA,0.6689895470383276,3,TK,TEC,NA,ITK
TEC,-0.8075,8,KRSA,0.6689895470383276,3,TK,TEC,NA,TEC
TEC,-0.8075,8,KRSA,0.6689895470383276,3,TK,TEC,NA,TXK
RET,-0.5599999999999999,13,KRSA,0.45993031358885017,2,TK,RET,NA,RET
FGFR,0.7591666666666667,11,KRSA,0.5435540069686411,3,TK,FGFR,NA,FGFR1
FGFR,0.7591666666666667,11,KRSA,0.5435540069686411,3,TK,FGFR,NA,FGFR2
FGFR,0.7591666666666667,11,KRSA,0.5435540069686411,3,TK,FGFR,NA,FGFR3
FGFR,0.7591666666666667,11,KRSA,0.5435540069686411,3,TK,FGFR,NA,FGFR4
INSR,0.9891666666666666,7,KRSA,0.710801393728223,3,TK,INSR,NA,IGF1R
INSR,0.9891666666666666,7,KRSA,0.710801393728223,3,TK,INSR,NA,INSR
INSR,0.9891666666666666,7,KRSA,0.710801393728223,3,TK,INSR,NA,INSRR
TRK,-0.415,16,KRSA,0.3344947735191638,2,TK,TRK,NA,NTRK1
TRK,-0.415,16,KRSA,0.3344947735191638,2,TK,TRK,NA,NTRK2
TRK,-0.415,16,KRSA,0.3344947735191638,2,TK,TRK,NA,NTRK3
VEGFR,0.5125,14,KRSA,0.4181184668989547,2,TK,VEGFR,NA,FLT1
VEGFR,0.5125,14,KRSA,0.4181184668989547,2,TK,VEGFR,NA,FLT4
VEGFR,0.5125,14,KRSA,0.4181184668989547,2,TK,VEGFR,NA,KDR
ABL,-0.14,22,KRSA,0.08362369337979095,1,TK,ABL,NA,ABL1
ABL,-0.14,22,KRSA,0.08362369337979095,1,TK,ABL,NA,ABL2
FER,0.09500000000000006,23,KRSA,0.041811846689895474,1,TK,FER,NA,FER
FER,0.09500000000000006,23,KRSA,0.041811846689895474,1,TK,FER,NA,FES
SRC,-0.1675,21,KRSA,0.1254355400696864,1,TK,SRC,SRCB,BLK
SRC,-0.1675,21,KRSA,0.1254355400696864,1,TK,SRC,SRCA,FGR
SRC,-0.1675,21,KRSA,0.1254355400696864,1,TK,SRC,SRCA,FYN
SRC,-0.1675,21,KRSA,0.1254355400696864,1,TK,SRC,SRCB,HCK
SRC,-0.1675,21,KRSA,0.1254355400696864,1,TK,SRC,SRCB,LCK
SRC,-0.1675,21,KRSA,0.1254355400696864,1,TK,SRC,SRCB,LYN
SRC,-0.1675,21,KRSA,0.1254355400696864,1,TK,SRC,SRM,PTK6
SRC,-0.1675,21,KRSA,0.1254355400696864,1,TK,SRC,SRCA,SRC
SRC,-0.1675,21,KRSA,0.1254355400696864,1,TK,SRC,SRM,SRMS
SRC,-0.1675,21,KRSA,0.1254355400696864,1,TK,SRC,SRCA,YES1
FRK,-0.31583333333333335,19,KRSA,0.20905923344947736,1,TK,SRC,FRK,FRK
ALK,-0.03166666666666666,24,KRSA,0,1,TK,ALK,NA,ALK
ALK,-0.03166666666666666,24,KRSA,0,1,TK,ALK,NA,LTK
DDR,1.288333333333333,2,KRSA,0.9198606271777003,4,TK,DDR,NA,DDR1
DDR,1.288333333333333,2,KRSA,0.9198606271777003,4,TK,DDR,NA,DDR2
SYK,-1.25,3,KRSA,0.8780487804878049,4,TK,SYK,NA,SYK
SYK,-1.25,3,KRSA,0.8780487804878049,4,TK,SYK,NA,ZAP70
EPH,-1.2041666666666666,4,KRSA,0.8362369337979094,4,TK,EPH,NA,EPHA1
EPH,-1.2041666666666666,4,KRSA,0.8362369337979094,4,TK,EPH,NA,EPHA2
EPH,-1.2041666666666666,4,KRSA,0.8362369337979094,4,TK,EPH,NA,EPHA3
EPH,-1.2041666666666666,4,KRSA,0.8362369337979094,4,TK,EPH,NA,EPHA4
EPH,-1.2041666666666666,4,KRSA,0.8362369337979094,4,TK,EPH,NA,EPHA5
EPH,-1.2041666666666666,4,KRSA,0.8362369337979094,4,TK,EPH,NA,EPHA7
EPH,-1.2041666666666666,4,KRSA,0.8362369337979094,4,TK,EPH,NA,EPHA8
EPH,-1.2041666666666666,4,KRSA,0.8362369337979094,4,TK,EPH,NA,EPHB1
EPH,-1.2041666666666666,4,KRSA,0.8362369337979094,4,TK,EPH,NA,EPHB2
EPH,-1.2041666666666666,4,KRSA,0.8362369337979094,4,TK,EPH,NA,EPHB3
EPH,-1.2041666666666666,4,KRSA,0.8362369337979094,4,TK,EPH,NA,EPHB4
RYK,-1.1216666666666666,5,KRSA,0.794425087108014,4,TK,RYK,NA,RYK
CSK,0.7791666666666667,9,KRSA,0.627177700348432,3,TK,CSK,NA,CSK
CSK,0.7791666666666667,9,KRSA,0.627177700348432,3,TK,CSK,NA,MATK
SEV,0.3858333333333333,17,KRSA,0.2926829268292683,2,TK,SEV,NA,ROS1
PDGFR,-1.1175,6,KRSA,0.7526132404181185,4,TK,PDGFR,NA,CSF1R
PDGFR,-1.1175,6,KRSA,0.7526132404181185,4,TK,PDGFR,NA,FLT3
PDGFR,-1.1175,6,KRSA,0.7526132404181185,4,TK,PDGFR,NA,KIT
PDGFR,-1.1175,6,KRSA,0.7526132404181185,4,TK,PDGFR,NA,PDGFRA
PDGFR,-1.1175,6,KRSA,0.7526132404181185,4,TK,PDGFR,NA,PDGFRB
ACK,0.7658333333333334,10,KRSA,0.5853658536585366,3,TK,ACK,NA,TNK2
JAK,-0.6975,12,KRSA,0.5017421602787456,3,TK,JAKA,NA,JAK1
JAK,-0.6975,12,KRSA,0.5017421602787456,3,TK,JAKA,NA,JAK2
JAK,-0.6975,12,KRSA,0.5017421602787456,3,TK,JAKA,NA,JAK3
JAK,-0.6975,12,KRSA,0.5017421602787456,3,TK,JAKA,NA,TYK2
FAK,-1.47,1,KRSA,0.9616724738675958,4,TK,FAK,NA,PTK2
FAK,-1.47,1,KRSA,0.9616724738675958,4,TK,FAK,NA,PTK2B
MET,0.17166666666666666,20,KRSA,0.1672473867595819,1,TK,MET,NA,MET
MET,0.17166666666666666,20,KRSA,0.1672473867595819,1,TK,MET,NA,MST1R
FGFR,0.7591666666666667,11,KRSA,0.5435540069686411,3,TK,FGFR,NA,FGFR1
FGFR,0.7591666666666667,11,KRSA,0.5435540069686411,3,TK,FGFR,NA,FGFR2
FGFR,0.7591666666666667,11,KRSA,0.5435540069686411,3,TK,FGFR,NA,FGFR3
FGFR,0.7591666666666667,11,KRSA,0.5435540069686411,3,TK,FGFR,NA,FGFR4
EGFR,-0.4375,15,KRSA,0.37630662020905925,2,TK,EGFR,NA,EGFR
EGFR,-0.4375,15,KRSA,0.37630662020905925,2,TK,EGFR,NA,ERBB2
EGFR,-0.4375,15,KRSA,0.37630662020905925,2,TK,EGFR,NA,ERBB3
EGFR,-0.4375,15,KRSA,0.37630662020905925,2,TK,EGFR,NA,ERBB4
RET,-0.5599999999999999,13,KRSA,0.45993031358885017,2,TK,RET,NA,RET
AXL,-0.33249999999999996,18,KRSA,0.2508710801393728,2,TK,AXL,NA,AXL
AXL,-0.33249999999999996,18,KRSA,0.2508710801393728,2,TK,AXL,NA,MERTK
AXL,-0.33249999999999996,18,KRSA,0.2508710801393728,2,TK,AXL,NA,TYRO3
TEC,-0.8075,8,KRSA,0.6689895470383276,3,TK,TEC,NA,BMX
TEC,-0.8075,8,KRSA,0.6689895470383276,3,TK,TEC,NA,BTK
TEC,-0.8075,8,KRSA,0.6689895470383276,3,TK,TEC,NA,ITK
TEC,-0.8075,8,KRSA,0.6689895470383276,3,TK,TEC,NA,TEC
TEC,-0.8075,8,KRSA,0.6689895470383276,3,TK,TEC,NA,TXK
INSR,0.9891666666666666,7,KRSA,0.710801393728223,3,TK,INSR,NA,IGF1R
INSR,0.9891666666666666,7,KRSA,0.710801393728223,3,TK,INSR,NA,INSR
INSR,0.9891666666666666,7,KRSA,0.710801393728223,3,TK,INSR,NA,INSRR
VEGFR,0.5125,14,KRSA,0.4181184668989547,2,TK,VEGFR,NA,FLT1
VEGFR,0.5125,14,KRSA,0.4181184668989547,2,TK,VEGFR,NA,FLT4
VEGFR,0.5125,14,KRSA,0.4181184668989547,2,TK,VEGFR,NA,KDR
TRK,-0.415,16,KRSA,0.3344947735191638,2,TK,TRK,NA,NTRK1
TRK,-0.415,16,KRSA,0.3344947735191638,2,TK,TRK,NA,NTRK2
TRK,-0.415,16,KRSA,0.3344947735191638,2,TK,TRK,NA,NTRK3
FER,0.09500000000000006,23,KRSA,0.041811846689895474,1,TK,FER,NA,FER
FER,0.09500000000000006,23,KRSA,0.041811846689895474,1,TK,FER,NA,FES
ABL,-0.14,22,KRSA,0.08362369337979095,1,TK,ABL,NA,ABL1
ABL,-0.14,22,KRSA,0.08362369337979095,1,TK,ABL,NA,ABL2
FRK,-0.31583333333333335,19,KRSA,0.20905923344947736,1,TK,SRC,FRK,FRK
ALK,-0.03166666666666666,24,KRSA,0,1,TK,ALK,NA,ALK
ALK,-0.03166666666666666,24,KRSA,0,1,TK,ALK,NA,LTK
SRC,-0.1675,21,KRSA,0.1254355400696864,1,TK,SRC,SRCB,BLK
SRC,-0.1675,21,KRSA,0.1254355400696864,1,TK,SRC,SRCA,FGR
SRC,-0.1675,21,KRSA,0.1254355400696864,1,TK,SRC,SRCA,FYN
SRC,-0.1675,21,KRSA,0.1254355400696864,1,TK,SRC,SRCB,HCK
SRC,-0.1675,21,KRSA,0.1254355400696864,1,TK,SRC,SRCB,LCK
SRC,-0.1675,21,KRSA,0.1254355400696864,1,TK,SRC,SRCB,LYN
SRC,-0.1675,21,KRSA,0.1254355400696864,1,TK,SRC,SRM,PTK6
SRC,-0.1675,21,KRSA,0.1254355400696864,1,TK,SRC,SRCA,SRC
SRC,-0.1675,21,KRSA,0.1254355400696864,1,TK,SRC,SRM,SRMS
SRC,-0.1675,21,KRSA,0.1254355400696864,1,TK,SRC,SRCA,YES1
DDR,1.288333333333333,2,KRSA,0.9198606271777003,4,TK,DDR,NA,DDR1
DDR,1.288333333333333,2,KRSA,0.9198606271777003,4,TK,DDR,NA,DDR2
RYK,-1.1216666666666666,5,KRSA,0.794425087108014,4,TK,RYK,NA,RYK
EPH,-1.2041666666666666,4,KRSA,0.8362369337979094,4,TK,EPH,NA,EPHA1
EPH,-1.2041666666666666,4,KRSA,0.8362369337979094,4,TK,EPH,NA,EPHA2
EPH,-1.2041666666666666,4,KRSA,0.8362369337979094,4,TK,EPH,NA,EPHA3
EPH,-1.2041666666666666,4,KRSA,0.8362369337979094,4,TK,EPH,NA,EPHA4
EPH,-1.2041666666666666,4,KRSA,0.8362369337979094,4,TK,EPH,NA,EPHA5
EPH,-1.2041666666666666,4,KRSA,0.8362369337979094,4,TK,EPH,NA,EPHA7
EPH,-1.2041666666666666,4,KRSA,0.8362369337979094,4,TK,EPH,NA,EPHA8
EPH,-1.2041666666666666,4,KRSA,0.8362369337979094,4,TK,EPH,NA,EPHB1
EPH,-1.2041666666666666,4,KRSA,0.8362369337979094,4,TK,EPH,NA,EPHB2
EPH,-1.2041666666666666,4,KRSA,0.8362369337979094,4,TK,EPH,NA,EPHB3
EPH,-1.2041666666666666,4,KRSA,0.8362369337979094,4,TK,EPH,NA,EPHB4
CSK,0.7791666666666667,9,KRSA,0.627177700348432,3,TK,CSK,NA,CSK
CSK,0.7791666666666667,9,KRSA,0.627177700348432,3,TK,CSK,NA,MATK
PDGFR,-1.1175,6,KRSA,0.7526132404181185,4,TK,PDGFR,NA,CSF1R
PDGFR,-1.1175,6,KRSA,0.7526132404181185,4,TK,PDGFR,NA,FLT3
PDGFR,-1.1175,6,KRSA,0.7526132404181185,4,TK,PDGFR,NA,KIT
PDGFR,-1.1175,6,KRSA,0.7526132404181185,4,TK,PDGFR,NA,PDGFRA
PDGFR,-1.1175,6,KRSA,0.7526132404181185,4,TK,PDGFR,NA,PDGFRB
ACK,0.7658333333333334,10,KRSA,0.5853658536585366,3,TK,ACK,NA,TNK2
SEV,0.3858333333333333,17,KRSA,0.2926829268292683,2,TK,SEV,NA,ROS1
AXL,-0.33249999999999996,18,KRSA,0.2508710801393728,2,TK,AXL,NA,AXL
AXL,-0.33249999999999996,18,KRSA,0.2508710801393728,2,TK,AXL,NA,MERTK
AXL,-0.33249999999999996,18,KRSA,0.2508710801393728,2,TK,AXL,NA,TYRO3
SYK,-1.25,3,KRSA,0.8780487804878049,4,TK,SYK,NA,SYK
SYK,-1.25,3,KRSA,0.8780487804878049,4,TK,SYK,NA,ZAP70
EGFR,-0.4375,15,KRSA,0.37630662020905925,2,TK,EGFR,NA,EGFR
EGFR,-0.4375,15,KRSA,0.37630662020905925,2,TK,EGFR,NA,ERBB2
EGFR,-0.4375,15,KRSA,0.37630662020905925,2,TK,EGFR,NA,ERBB3
EGFR,-0.4375,15,KRSA,0.37630662020905925,2,TK,EGFR,NA,ERBB4
FAK,-1.47,1,KRSA,0.9616724738675958,4,TK,FAK,NA,PTK2
FAK,-1.47,1,KRSA,0.9616724738675958,4,TK,FAK,NA,PTK2B
FGFR,0.7591666666666667,11,KRSA,0.5435540069686411,3,TK,FGFR,NA,FGFR1
FGFR,0.7591666666666667,11,KRSA,0.5435540069686411,3,TK,FGFR,NA,FGFR2
FGFR,0.7591666666666667,11,KRSA,0.5435540069686411,3,TK,FGFR,NA,FGFR3
FGFR,0.7591666666666667,11,KRSA,0.5435540069686411,3,TK,FGFR,NA,FGFR4
MET,0.17166666666666666,20,KRSA,0.1672473867595819,1,TK,MET,NA,MET
MET,0.17166666666666666,20,KRSA,0.1672473867595819,1,TK,MET,NA,MST1R
RET,-0.5599999999999999,13,KRSA,0.45993031358885017,2,TK,RET,NA,RET
JAK,-0.6975,12,KRSA,0.5017421602787456,3,TK,JAKA,NA,JAK1
JAK,-0.6975,12,KRSA,0.5017421602787456,3,TK,JAKA,NA,JAK2
JAK,-0.6975,12,KRSA,0.5017421602787456,3,TK,JAKA,NA,JAK3
JAK,-0.6975,12,KRSA,0.5017421602787456,3,TK,JAKA,NA,TYK2
ALK,-0.03166666666666666,24,KRSA,0,1,TK,ALK,NA,ALK
ALK,-0.03166666666666666,24,KRSA,0,1,TK,ALK,NA,LTK
INSR,0.9891666666666666,7,KRSA,0.710801393728223,3,TK,INSR,NA,IGF1R
INSR,0.9891666666666666,7,KRSA,0.710801393728223,3,TK,INSR,NA,INSR
INSR,0.9891666666666666,7,KRSA,0.710801393728223,3,TK,INSR,NA,INSRR
FRK,-0.31583333333333335,19,KRSA,0.20905923344947736,1,TK,SRC,FRK,FRK
FER,0.09500000000000006,23,KRSA,0.041811846689895474,1,TK,FER,NA,FER
FER,0.09500000000000006,23,KRSA,0.041811846689895474,1,TK,FER,NA,FES
SRC,-0.1675,21,KRSA,0.1254355400696864,1,TK,SRC,SRCB,BLK
SRC,-0.1675,21,KRSA,0.1254355400696864,1,TK,SRC,SRCA,FGR
SRC,-0.1675,21,KRSA,0.1254355400696864,1,TK,SRC,SRCA,FYN
SRC,-0.1675,21,KRSA,0.1254355400696864,1,TK,SRC,SRCB,HCK
SRC,-0.1675,21,KRSA,0.1254355400696864,1,TK,SRC,SRCB,LCK
SRC,-0.1675,21,KRSA,0.1254355400696864,1,TK,SRC,SRCB,LYN
SRC,-0.1675,21,KRSA,0.1254355400696864,1,TK,SRC,SRM,PTK6
SRC,-0.1675,21,KRSA,0.1254355400696864,1,TK,SRC,SRCA,SRC
SRC,-0.1675,21,KRSA,0.1254355400696864,1,TK,SRC,SRM,SRMS
SRC,-0.1675,21,KRSA,0.1254355400696864,1,TK,SRC,SRCA,YES1
VEGFR,0.5125,14,KRSA,0.4181184668989547,2,TK,VEGFR,NA,FLT1
VEGFR,0.5125,14,KRSA,0.4181184668989547,2,TK,VEGFR,NA,FLT4
VEGFR,0.5125,14,KRSA,0.4181184668989547,2,TK,VEGFR,NA,KDR
ABL,-0.14,22,KRSA,0.08362369337979095,1,TK,ABL,NA,ABL1
ABL,-0.14,22,KRSA,0.08362369337979095,1,TK,ABL,NA,ABL2
TEC,-0.8075,8,KRSA,0.6689895470383276,3,TK,TEC,NA,BMX
TEC,-0.8075,8,KRSA,0.6689895470383276,3,TK,TEC,NA,BTK
TEC,-0.8075,8,KRSA,0.6689895470383276,3,TK,TEC,NA,ITK
TEC,-0.8075,8,KRSA,0.6689895470383276,3,TK,TEC,NA,TEC
TEC,-0.8075,8,KRSA,0.6689895470383276,3,TK,TEC,NA,TXK
TRK,-0.415,16,KRSA,0.3344947735191638,2,TK,TRK,NA,NTRK1
TRK,-0.415,16,KRSA,0.3344947735191638,2,TK,TRK,NA,NTRK2
TRK,-0.415,16,KRSA,0.3344947735191638,2,TK,TRK,NA,NTRK3
SYK,-1.25,3,KRSA,0.8780487804878049,4,TK,SYK,NA,SYK
SYK,-1.25,3,KRSA,0.8780487804878049,4,TK,SYK,NA,ZAP70
TEC,-0.8075,8,KRSA,0.6689895470383276,3,TK,TEC,NA,BMX
TEC,-0.8075,8,KRSA,0.6689895470383276,3,TK,TEC,NA,BTK
TEC,-0.8075,8,KRSA,0.6689895470383276,3,TK,TEC,NA,ITK
TEC,-0.8075,8,KRSA,0.6689895470383276,3,TK,TEC,NA,TEC
TEC,-0.8075,8,KRSA,0.6689895470383276,3,TK,TEC,NA,TXK
PDGFR,-1.1175,6,KRSA,0.7526132404181185,4,TK,PDGFR,NA,CSF1R
PDGFR,-1.1175,6,KRSA,0.7526132404181185,4,TK,PDGFR,NA,FLT3
PDGFR,-1.1175,6,KRSA,0.7526132404181185,4,TK,PDGFR,NA,KIT
PDGFR,-1.1175,6,KRSA,0.7526132404181185,4,TK,PDGFR,NA,PDGFRA
PDGFR,-1.1175,6,KRSA,0.7526132404181185,4,TK,PDGFR,NA,PDGFRB
DDR,1.288333333333333,2,KRSA,0.9198606271777003,4,TK,DDR,NA,DDR1
DDR,1.288333333333333,2,KRSA,0.9198606271777003,4,TK,DDR,NA,DDR2
RYK,-1.1216666666666666,5,KRSA,0.794425087108014,4,TK,RYK,NA,RYK
SEV,0.3858333333333333,17,KRSA,0.2926829268292683,2,TK,SEV,NA,ROS1
ACK,0.7658333333333334,10,KRSA,0.5853658536585366,3,TK,ACK,NA,TNK2
FAK,-1.47,1,KRSA,0.9616724738675958,4,TK,FAK,NA,PTK2
FAK,-1.47,1,KRSA,0.9616724738675958,4,TK,FAK,NA,PTK2B
INSR,0.9891666666666666,7,KRSA,0.710801393728223,3,TK,INSR,NA,IGF1R
INSR,0.9891666666666666,7,KRSA,0.710801393728223,3,TK,INSR,NA,INSR
INSR,0.9891666666666666,7,KRSA,0.710801393728223,3,TK,INSR,NA,INSRR
EGFR,-0.4375,15,KRSA,0.37630662020905925,2,TK,EGFR,NA,EGFR
EGFR,-0.4375,15,KRSA,0.37630662020905925,2,TK,EGFR,NA,ERBB2
EGFR,-0.4375,15,KRSA,0.37630662020905925,2,TK,EGFR,NA,ERBB3
EGFR,-0.4375,15,KRSA,0.37630662020905925,2,TK,EGFR,NA,ERBB4
ALK,-0.03166666666666666,24,KRSA,0,1,TK,ALK,NA,ALK
ALK,-0.03166666666666666,24,KRSA,0,1,TK,ALK,NA,LTK
EPH,-1.2041666666666666,4,KRSA,0.8362369337979094,4,TK,EPH,NA,EPHA1
EPH,-1.2041666666666666,4,KRSA,0.8362369337979094,4,TK,EPH,NA,EPHA2
EPH,-1.2041666666666666,4,KRSA,0.8362369337979094,4,TK,EPH,NA,EPHA3
EPH,-1.2041666666666666,4,KRSA,0.8362369337979094,4,TK,EPH,NA,EPHA4
EPH,-1.2041666666666666,4,KRSA,0.8362369337979094,4,TK,EPH,NA,EPHA5
EPH,-1.2041666666666666,4,KRSA,0.8362369337979094,4,TK,EPH,NA,EPHA7
EPH,-1.2041666666666666,4,KRSA,0.8362369337979094,4,TK,EPH,NA,EPHA8
EPH,-1.2041666666666666,4,KRSA,0.8362369337979094,4,TK,EPH,NA,EPHB1
EPH,-1.2041666666666666,4,KRSA,0.8362369337979094,4,TK,EPH,NA,EPHB2
EPH,-1.2041666666666666,4,KRSA,0.8362369337979094,4,TK,EPH,NA,EPHB3
EPH,-1.2041666666666666,4,KRSA,0.8362369337979094,4,TK,EPH,NA,EPHB4
RET,-0.5599999999999999,13,KRSA,0.45993031358885017,2,TK,RET,NA,RET
JAK,-0.6975,12,KRSA,0.5017421602787456,3,TK,JAKA,NA,JAK1
JAK,-0.6975,12,KRSA,0.5017421602787456,3,TK,JAKA,NA,JAK2
JAK,-0.6975,12,KRSA,0.5017421602787456,3,TK,JAKA,NA,JAK3
JAK,-0.6975,12,KRSA,0.5017421602787456,3,TK,JAKA,NA,TYK2
SRC,-0.1675,21,KRSA,0.1254355400696864,1,TK,SRC,SRCB,BLK
SRC,-0.1675,21,KRSA,0.1254355400696864,1,TK,SRC,SRCA,FGR
SRC,-0.1675,21,KRSA,0.1254355400696864,1,TK,SRC,SRCA,FYN
SRC,-0.1675,21,KRSA,0.1254355400696864,1,TK,SRC,SRCB,HCK
SRC,-0.1675,21,KRSA,0.1254355400696864,1,TK,SRC,SRCB,LCK
SRC,-0.1675,21,KRSA,0.1254355400696864,1,TK,SRC,SRCB,LYN
SRC,-0.1675,21,KRSA,0.1254355400696864,1,TK,SRC,SRM,PTK6
SRC,-0.1675,21,KRSA,0.1254355400696864,1,TK,SRC,SRCA,SRC
SRC,-0.1675,21,KRSA,0.1254355400696864,1,TK,SRC,SRM,SRMS
SRC,-0.1675,21,KRSA,0.1254355400696864,1,TK,SRC,SRCA,YES1
FRK,-0.31583333333333335,19,KRSA,0.20905923344947736,1,TK,SRC,FRK,FRK
TRK,-0.415,16,KRSA,0.3344947735191638,2,TK,TRK,NA,NTRK1
TRK,-0.415,16,KRSA,0.3344947735191638,2,TK,TRK,NA,NTRK2
TRK,-0.415,16,KRSA,0.3344947735191638,2,TK,TRK,NA,NTRK3
MET,0.17166666666666666,20,KRSA,0.1672473867595819,1,TK,MET,NA,MET
MET,0.17166666666666666,20,KRSA,0.1672473867595819,1,TK,MET,NA,MST1R
ABL,-0.14,22,KRSA,0.08362369337979095,1,TK,ABL,NA,ABL1
ABL,-0.14,22,KRSA,0.08362369337979095,1,TK,ABL,NA,ABL2
FGFR,0.7591666666666667,11,KRSA,0.5435540069686411,3,TK,FGFR,NA,FGFR1
FGFR,0.7591666666666667,11,KRSA,0.5435540069686411,3,TK,FGFR,NA,FGFR2
FGFR,0.7591666666666667,11,KRSA,0.5435540069686411,3,TK,FGFR,NA,FGFR3
FGFR,0.7591666666666667,11,KRSA,0.5435540069686411,3,TK,FGFR,NA,FGFR4
CSK,0.7791666666666667,9,KRSA,0.627177700348432,3,TK,CSK,NA,CSK
CSK,0.7791666666666667,9,KRSA,0.627177700348432,3,TK,CSK,NA,MATK
VEGFR,0.5125,14,KRSA,0.4181184668989547,2,TK,VEGFR,NA,FLT1
VEGFR,0.5125,14,KRSA,0.4181184668989547,2,TK,VEGFR,NA,FLT4
VEGFR,0.5125,14,KRSA,0.4181184668989547,2,TK,VEGFR,NA,KDR
AXL,-0.33249999999999996,18,KRSA,0.2508710801393728,2,TK,AXL,NA,AXL
AXL,-0.33249999999999996,18,KRSA,0.2508710801393728,2,TK,AXL,NA,MERTK
AXL,-0.33249999999999996,18,KRSA,0.2508710801393728,2,TK,AXL,NA,TYRO3
FER,0.09500000000000006,23,KRSA,0.041811846689895474,1,TK,FER,NA,FER
FER,0.09500000000000006,23,KRSA,0.041811846689895474,1,TK,FER,NA,FES
TEC,-0.8075,8,KRSA,0.6689895470383276,3,TK,TEC,NA,BMX
TEC,-0.8075,8,KRSA,0.6689895470383276,3,TK,TEC,NA,BTK
TEC,-0.8075,8,KRSA,0.6689895470383276,3,TK,TEC,NA,ITK
TEC,-0.8075,8,KRSA,0.6689895470383276,3,TK,TEC,NA,TEC
TEC,-0.8075,8,KRSA,0.6689895470383276,3,TK,TEC,NA,TXK
EPH,-1.2041666666666666,4,KRSA,0.8362369337979094,4,TK,EPH,NA,EPHA1
EPH,-1.2041666666666666,4,KRSA,0.8362369337979094,4,TK,EPH,NA,EPHA2
EPH,-1.2041666666666666,4,KRSA,0.8362369337979094,4,TK,EPH,NA,EPHA3
EPH,-1.2041666666666666,4,KRSA,0.8362369337979094,4,TK,EPH,NA,EPHA4
EPH,-1.2041666666666666,4,KRSA,0.8362369337979094,4,TK,EPH,NA,EPHA5
EPH,-1.2041666666666666,4,KRSA,0.8362369337979094,4,TK,EPH,NA,EPHA7
EPH,-1.2041666666666666,4,KRSA,0.8362369337979094,4,TK,EPH,NA,EPHA8
EPH,-1.2041666666666666,4,KRSA,0.8362369337979094,4,TK,EPH,NA,EPHB1
EPH,-1.2041666666666666,4,KRSA,0.8362369337979094,4,TK,EPH,NA,EPHB2
EPH,-1.2041666666666666,4,KRSA,0.8362369337979094,4,TK,EPH,NA,EPHB3
EPH,-1.2041666666666666,4,KRSA,0.8362369337979094,4,TK,EPH,NA,EPHB4
FAK,-1.47,1,KRSA,0.9616724738675958,4,TK,FAK,NA,PTK2
FAK,-1.47,1,KRSA,0.9616724738675958,4,TK,FAK,NA,PTK2B
INSR,0.9891666666666666,7,KRSA,0.710801393728223,3,TK,INSR,NA,IGF1R
INSR,0.9891666666666666,7,KRSA,0.710801393728223,3,TK,INSR,NA,INSR
INSR,0.9891666666666666,7,KRSA,0.710801393728223,3,TK,INSR,NA,INSRR
RYK,-1.1216666666666666,5,KRSA,0.794425087108014,4,TK,RYK,NA,RYK
SRC,-0.1675,21,KRSA,0.1254355400696864,1,TK,SRC,SRCB,BLK
SRC,-0.1675,21,KRSA,0.1254355400696864,1,TK,SRC,SRCA,FGR
SRC,-0.1675,21,KRSA,0.1254355400696864,1,TK,SRC,SRCA,FYN
SRC,-0.1675,21,KRSA,0.1254355400696864,1,TK,SRC,SRCB,HCK
SRC,-0.1675,21,KRSA,0.1254355400696864,1,TK,SRC,SRCB,LCK
SRC,-0.1675,21,KRSA,0.1254355400696864,1,TK,SRC,SRCB,LYN
SRC,-0.1675,21,KRSA,0.1254355400696864,1,TK,SRC,SRM,PTK6
SRC,-0.1675,21,KRSA,0.1254355400696864,1,TK,SRC,SRCA,SRC
SRC,-0.1675,21,KRSA,0.1254355400696864,1,TK,SRC,SRM,SRMS
SRC,-0.1675,21,KRSA,0.1254355400696864,1,TK,SRC,SRCA,YES1
FER,0.09500000000000006,23,KRSA,0.041811846689895474,1,TK,FER,NA,FER
FER,0.09500000000000006,23,KRSA,0.041811846689895474,1,TK,FER,NA,FES
RET,-0.5599999999999999,13,KRSA,0.45993031358885017,2,TK,RET,NA,RET
CSK,0.7791666666666667,9,KRSA,0.627177700348432,3,TK,CSK,NA,CSK
CSK,0.7791666666666667,9,KRSA,0.627177700348432,3,TK,CSK,NA,MATK
PDGFR,-1.1175,6,KRSA,0.7526132404181185,4,TK,PDGFR,NA,CSF1R
PDGFR,-1.1175,6,KRSA,0.7526132404181185,4,TK,PDGFR,NA,FLT3
PDGFR,-1.1175,6,KRSA,0.7526132404181185,4,TK,PDGFR,NA,KIT
PDGFR,-1.1175,6,KRSA,0.7526132404181185,4,TK,PDGFR,NA,PDGFRA
PDGFR,-1.1175,6,KRSA,0.7526132404181185,4,TK,PDGFR,NA,PDGFRB
SEV,0.3858333333333333,17,KRSA,0.2926829268292683,2,TK,SEV,NA,ROS1
ACK,0.7658333333333334,10,KRSA,0.5853658536585366,3,TK,ACK,NA,TNK2
ALK,-0.03166666666666666,24,KRSA,0,1,TK,ALK,NA,ALK
ALK,-0.03166666666666666,24,KRSA,0,1,TK,ALK,NA,LTK
JAK,-0.6975,12,KRSA,0.5017421602787456,3,TK,JAKA,NA,JAK1
JAK,-0.6975,12,KRSA,0.5017421602787456,3,TK,JAKA,NA,JAK2
JAK,-0.6975,12,KRSA,0.5017421602787456,3,TK,JAKA,NA,JAK3
JAK,-0.6975,12,KRSA,0.5017421602787456,3,TK,JAKA,NA,TYK2
AXL,-0.33249999999999996,18,KRSA,0.2508710801393728,2,TK,AXL,NA,AXL
AXL,-0.33249999999999996,18,KRSA,0.2508710801393728,2,TK,AXL,NA,MERTK
AXL,-0.33249999999999996,18,KRSA,0.2508710801393728,2,TK,AXL,NA,TYRO3
SYK,-1.25,3,KRSA,0.8780487804878049,4,TK,SYK,NA,SYK
SYK,-1.25,3,KRSA,0.8780487804878049,4,TK,SYK,NA,ZAP70
FRK,-0.31583333333333335,19,KRSA,0.20905923344947736,1,TK,SRC,FRK,FRK
EGFR,-0.4375,15,KRSA,0.37630662020905925,2,TK,EGFR,NA,EGFR
EGFR,-0.4375,15,KRSA,0.37630662020905925,2,TK,EGFR,NA,ERBB2
EGFR,-0.4375,15,KRSA,0.37630662020905925,2,TK,EGFR,NA,ERBB3
EGFR,-0.4375,15,KRSA,0.37630662020905925,2,TK,EGFR,NA,ERBB4
DDR,1.288333333333333,2,KRSA,0.9198606271777003,4,TK,DDR,NA,DDR1
DDR,1.288333333333333,2,KRSA,0.9198606271777003,4,TK,DDR,NA,DDR2
ABL,-0.14,22,KRSA,0.08362369337979095,1,TK,ABL,NA,ABL1
ABL,-0.14,22,KRSA,0.08362369337979095,1,TK,ABL,NA,ABL2
MET,0.17166666666666666,20,KRSA,0.1672473867595819,1,TK,MET,NA,MET
MET,0.17166666666666666,20,KRSA,0.1672473867595819,1,TK,MET,NA,MST1R
VEGFR,0.5125,14,KRSA,0.4181184668989547,2,TK,VEGFR,NA,FLT1
VEGFR,0.5125,14,KRSA,0.4181184668989547,2,TK,VEGFR,NA,FLT4
VEGFR,0.5125,14,KRSA,0.4181184668989547,2,TK,VEGFR,NA,KDR
TRK,-0.415,16,KRSA,0.3344947735191638,2,TK,TRK,NA,NTRK1
TRK,-0.415,16,KRSA,0.3344947735191638,2,TK,TRK,NA,NTRK2
TRK,-0.415,16,KRSA,0.3344947735191638,2,TK,TRK,NA,NTRK3
FGFR,0.7591666666666667,11,KRSA,0.5435540069686411,3,TK,FGFR,NA,FGFR1
FGFR,0.7591666666666667,11,KRSA,0.5435540069686411,3,TK,FGFR,NA,FGFR2
FGFR,0.7591666666666667,11,KRSA,0.5435540069686411,3,TK,FGFR,NA,FGFR3
FGFR,0.7591666666666667,11,KRSA,0.5435540069686411,3,TK,FGFR,NA,FGFR4
FAK,-1.47,1,KRSA,0.9616724738675958,4,TK,FAK,NA,PTK2
FAK,-1.47,1,KRSA,0.9616724738675958,4,TK,FAK,NA,PTK2B
INSR,0.9891666666666666,7,KRSA,0.710801393728223,3,TK,INSR,NA,IGF1R
INSR,0.9891666666666666,7,KRSA,0.710801393728223,3,TK,INSR,NA,INSR
INSR,0.9891666666666666,7,KRSA,0.710801393728223,3,TK,INSR,NA,INSRR
FER,0.09500000000000006,23,KRSA,0.041811846689895474,1,TK,FER,NA,FER
FER,0.09500000000000006,23,KRSA,0.041811846689895474,1,TK,FER,NA,FES
EPH,-1.2041666666666666,4,KRSA,0.8362369337979094,4,TK,EPH,NA,EPHA1
EPH,-1.2041666666666666,4,KRSA,0.8362369337979094,4,TK,EPH,NA,EPHA2
EPH,-1.2041666666666666,4,KRSA,0.8362369337979094,4,TK,EPH,NA,EPHA3
EPH,-1.2041666666666666,4,KRSA,0.8362369337979094,4,TK,EPH,NA,EPHA4
EPH,-1.2041666666666666,4,KRSA,0.8362369337979094,4,TK,EPH,NA,EPHA5
EPH,-1.2041666666666666,4,KRSA,0.8362369337979094,4,TK,EPH,NA,EPHA7
EPH,-1.2041666666666666,4,KRSA,0.8362369337979094,4,TK,EPH,NA,EPHA8
EPH,-1.2041666666666666,4,KRSA,0.8362369337979094,4,TK,EPH,NA,EPHB1
EPH,-1.2041666666666666,4,KRSA,0.8362369337979094,4,TK,EPH,NA,EPHB2
EPH,-1.2041666666666666,4,KRSA,0.8362369337979094,4,TK,EPH,NA,EPHB3
EPH,-1.2041666666666666,4,KRSA,0.8362369337979094,4,TK,EPH,NA,EPHB4
JAK,-0.6975,12,KRSA,0.5017421602787456,3,TK,JAKA,NA,JAK1
JAK,-0.6975,12,KRSA,0.5017421602787456,3,TK,JAKA,NA,JAK2
JAK,-0.6975,12,KRSA,0.5017421602787456,3,TK,JAKA,NA,JAK3
JAK,-0.6975,12,KRSA,0.5017421602787456,3,TK,JAKA,NA,TYK2
FGFR,0.7591666666666667,11,KRSA,0.5435540069686411,3,TK,FGFR,NA,FGFR1
FGFR,0.7591666666666667,11,KRSA,0.5435540069686411,3,TK,FGFR,NA,FGFR2
FGFR,0.7591666666666667,11,KRSA,0.5435540069686411,3,TK,FGFR,NA,FGFR3
FGFR,0.7591666666666667,11,KRSA,0.5435540069686411,3,TK,FGFR,NA,FGFR4
TEC,-0.8075,8,KRSA,0.6689895470383276,3,TK,TEC,NA,BMX
TEC,-0.8075,8,KRSA,0.6689895470383276,3,TK,TEC,NA,BTK
TEC,-0.8075,8,KRSA,0.6689895470383276,3,TK,TEC,NA,ITK
TEC,-0.8075,8,KRSA,0.6689895470383276,3,TK,TEC,NA,TEC
TEC,-0.8075,8,KRSA,0.6689895470383276,3,TK,TEC,NA,TXK
DDR,1.288333333333333,2,KRSA,0.9198606271777003,4,TK,DDR,NA,DDR1
DDR,1.288333333333333,2,KRSA,0.9198606271777003,4,TK,DDR,NA,DDR2
TRK,-0.415,16,KRSA,0.3344947735191638,2,TK,TRK,NA,NTRK1
TRK,-0.415,16,KRSA,0.3344947735191638,2,TK,TRK,NA,NTRK2
TRK,-0.415,16,KRSA,0.3344947735191638,2,TK,TRK,NA,NTRK3
MET,0.17166666666666666,20,KRSA,0.1672473867595819,1,TK,MET,NA,MET
MET,0.17166666666666666,20,KRSA,0.1672473867595819,1,TK,MET,NA,MST1R
RYK,-1.1216666666666666,5,KRSA,0.794425087108014,4,TK,RYK,NA,RYK
ALK,-0.03166666666666666,24,KRSA,0,1,TK,ALK,NA,ALK
ALK,-0.03166666666666666,24,KRSA,0,1,TK,ALK,NA,LTK
SRC,-0.1675,21,KRSA,0.1254355400696864,1,TK,SRC,SRCB,BLK
SRC,-0.1675,21,KRSA,0.1254355400696864,1,TK,SRC,SRCA,FGR
SRC,-0.1675,21,KRSA,0.1254355400696864,1,TK,SRC,SRCA,FYN
SRC,-0.1675,21,KRSA,0.1254355400696864,1,TK,SRC,SRCB,HCK
SRC,-0.1675,21,KRSA,0.1254355400696864,1,TK,SRC,SRCB,LCK
SRC,-0.1675,21,KRSA,0.1254355400696864,1,TK,SRC,SRCB,LYN
SRC,-0.1675,21,KRSA,0.1254355400696864,1,TK,SRC,SRM,PTK6
SRC,-0.1675,21,KRSA,0.1254355400696864,1,TK,SRC,SRCA,SRC
SRC,-0.1675,21,KRSA,0.1254355400696864,1,TK,SRC,SRM,SRMS
SRC,-0.1675,21,KRSA,0.1254355400696864,1,TK,SRC,SRCA,YES1
FRK,-0.31583333333333335,19,KRSA,0.20905923344947736,1,TK,SRC,FRK,FRK
AXL,-0.33249999999999996,18,KRSA,0.2508710801393728,2,TK,AXL,NA,AXL
AXL,-0.33249999999999996,18,KRSA,0.2508710801393728,2,TK,AXL,NA,MERTK
AXL,-0.33249999999999996,18,KRSA,0.2508710801393728,2,TK,AXL,NA,TYRO3
ACK,0.7658333333333334,10,KRSA,0.5853658536585366,3,TK,ACK,NA,TNK2
SEV,0.3858333333333333,17,KRSA,0.2926829268292683,2,TK,SEV,NA,ROS1
CSK,0.7791666666666667,9,KRSA,0.627177700348432,3,TK,CSK,NA,CSK
CSK,0.7791666666666667,9,KRSA,0.627177700348432,3,TK,CSK,NA,MATK
RET,-0.5599999999999999,13,KRSA,0.45993031358885017,2,TK,RET,NA,RET
VEGFR,0.5125,14,KRSA,0.4181184668989547,2,TK,VEGFR,NA,FLT1
VEGFR,0.5125,14,KRSA,0.4181184668989547,2,TK,VEGFR,NA,FLT4
VEGFR,0.5125,14,KRSA,0.4181184668989547,2,TK,VEGFR,NA,KDR
PDGFR,-1.1175,6,KRSA,0.7526132404181185,4,TK,PDGFR,NA,CSF1R
PDGFR,-1.1175,6,KRSA,0.7526132404181185,4,TK,PDGFR,NA,FLT3
PDGFR,-1.1175,6,KRSA,0.7526132404181185,4,TK,PDGFR,NA,KIT
PDGFR,-1.1175,6,KRSA,0.7526132404181185,4,TK,PDGFR,NA,PDGFRA
PDGFR,-1.1175,6,KRSA,0.7526132404181185,4,TK,PDGFR,NA,PDGFRB
EGFR,-0.4375,15,KRSA,0.37630662020905925,2,TK,EGFR,NA,EGFR
EGFR,-0.4375,15,KRSA,0.37630662020905925,2,TK,EGFR,NA,ERBB2
EGFR,-0.4375,15,KRSA,0.37630662020905925,2,TK,EGFR,NA,ERBB3
EGFR,-0.4375,15,KRSA,0.37630662020905925,2,TK,EGFR,NA,ERBB4
SYK,-1.25,3,KRSA,0.8780487804878049,4,TK,SYK,NA,SYK
SYK,-1.25,3,KRSA,0.8780487804878049,4,TK,SYK,NA,ZAP70
ABL,-0.14,22,KRSA,0.08362369337979095,1,TK,ABL,NA,ABL1
ABL,-0.14,22,KRSA,0.08362369337979095,1,TK,ABL,NA,ABL2
FAK,-1.47,1,KRSA,0.9616724738675958,4,TK,FAK,NA,PTK2
FAK,-1.47,1,KRSA,0.9616724738675958,4,TK,FAK,NA,PTK2B
CSK,0.7791666666666667,9,KRSA,0.627177700348432,3,TK,CSK,NA,CSK
CSK,0.7791666666666667,9,KRSA,0.627177700348432,3,TK,CSK,NA,MATK
JAK,-0.6975,12,KRSA,0.5017421602787456,3,TK,JAKA,NA,JAK1
JAK,-0.6975,12,KRSA,0.5017421602787456,3,TK,JAKA,NA,JAK2
JAK,-0.6975,12,KRSA,0.5017421602787456,3,TK,JAKA,NA,JAK3
JAK,-0.6975,12,KRSA,0.5017421602787456,3,TK,JAKA,NA,TYK2
INSR,0.9891666666666666,7,KRSA,0.710801393728223,3,TK,INSR,NA,IGF1R
INSR,0.9891666666666666,7,KRSA,0.710801393728223,3,TK,INSR,NA,INSR
INSR,0.9891666666666666,7,KRSA,0.710801393728223,3,TK,INSR,NA,INSRR
TEC,-0.8075,8,KRSA,0.6689895470383276,3,TK,TEC,NA,BMX
TEC,-0.8075,8,KRSA,0.6689895470383276,3,TK,TEC,NA,BTK
TEC,-0.8075,8,KRSA,0.6689895470383276,3,TK,TEC,NA,ITK
TEC,-0.8075,8,KRSA,0.6689895470383276,3,TK,TEC,NA,TEC
TEC,-0.8075,8,KRSA,0.6689895470383276,3,TK,TEC,NA,TXK
FRK,-0.31583333333333335,19,KRSA,0.20905923344947736,1,TK,SRC,FRK,FRK
PDGFR,-1.1175,6,KRSA,0.7526132404181185,4,TK,PDGFR,NA,CSF1R
PDGFR,-1.1175,6,KRSA,0.7526132404181185,4,TK,PDGFR,NA,FLT3
PDGFR,-1.1175,6,KRSA,0.7526132404181185,4,TK,PDGFR,NA,KIT
PDGFR,-1.1175,6,KRSA,0.7526132404181185,4,TK,PDGFR,NA,PDGFRA
PDGFR,-1.1175,6,KRSA,0.7526132404181185,4,TK,PDGFR,NA,PDGFRB
FER,0.09500000000000006,23,KRSA,0.041811846689895474,1,TK,FER,NA,FER
FER,0.09500000000000006,23,KRSA,0.041811846689895474,1,TK,FER,NA,FES
TRK,-0.415,16,KRSA,0.3344947735191638,2,TK,TRK,NA,NTRK1
TRK,-0.415,16,KRSA,0.3344947735191638,2,TK,TRK,NA,NTRK2
TRK,-0.415,16,KRSA,0.3344947735191638,2,TK,TRK,NA,NTRK3
EPH,-1.2041666666666666,4,KRSA,0.8362369337979094,4,TK,EPH,NA,EPHA1
EPH,-1.2041666666666666,4,KRSA,0.8362369337979094,4,TK,EPH,NA,EPHA2
EPH,-1.2041666666666666,4,KRSA,0.8362369337979094,4,TK,EPH,NA,EPHA3
EPH,-1.2041666666666666,4,KRSA,0.8362369337979094,4,TK,EPH,NA,EPHA4
EPH,-1.2041666666666666,4,KRSA,0.8362369337979094,4,TK,EPH,NA,EPHA5
EPH,-1.2041666666666666,4,KRSA,0.8362369337979094,4,TK,EPH,NA,EPHA7
EPH,-1.2041666666666666,4,KRSA,0.8362369337979094,4,TK,EPH,NA,EPHA8
EPH,-1.2041666666666666,4,KRSA,0.8362369337979094,4,TK,EPH,NA,EPHB1
EPH,-1.2041666666666666,4,KRSA,0.8362369337979094,4,TK,EPH,NA,EPHB2
EPH,-1.2041666666666666,4,KRSA,0.8362369337979094,4,TK,EPH,NA,EPHB3
EPH,-1.2041666666666666,4,KRSA,0.8362369337979094,4,TK,EPH,NA,EPHB4
MET,0.17166666666666666,20,KRSA,0.1672473867595819,1,TK,MET,NA,MET
MET,0.17166666666666666,20,KRSA,0.1672473867595819,1,TK,MET,NA,MST1R
SYK,-1.25,3,KRSA,0.8780487804878049,4,TK,SYK,NA,SYK
SYK,-1.25,3,KRSA,0.8780487804878049,4,TK,SYK,NA,ZAP70
RYK,-1.1216666666666666,5,KRSA,0.794425087108014,4,TK,RYK,NA,RYK
EGFR,-0.4375,15,KRSA,0.37630662020905925,2,TK,EGFR,NA,EGFR
EGFR,-0.4375,15,KRSA,0.37630662020905925,2,TK,EGFR,NA,ERBB2
EGFR,-0.4375,15,KRSA,0.37630662020905925,2,TK,EGFR,NA,ERBB3
EGFR,-0.4375,15,KRSA,0.37630662020905925,2,TK,EGFR,NA,ERBB4
SRC,-0.1675,21,KRSA,0.1254355400696864,1,TK,SRC,SRCB,BLK
SRC,-0.1675,21,KRSA,0.1254355400696864,1,TK,SRC,SRCA,FGR
SRC,-0.1675,21,KRSA,0.1254355400696864,1,TK,SRC,SRCA,FYN
SRC,-0.1675,21,KRSA,0.1254355400696864,1,TK,SRC,SRCB,HCK
SRC,-0.1675,21,KRSA,0.1254355400696864,1,TK,SRC,SRCB,LCK
SRC,-0.1675,21,KRSA,0.1254355400696864,1,TK,SRC,SRCB,LYN
SRC,-0.1675,21,KRSA,0.1254355400696864,1,TK,SRC,SRM,PTK6
SRC,-0.1675,21,KRSA,0.1254355400696864,1,TK,SRC,SRCA,SRC
SRC,-0.1675,21,KRSA,0.1254355400696864,1,TK,SRC,SRM,SRMS
SRC,-0.1675,21,KRSA,0.1254355400696864,1,TK,SRC,SRCA,YES1
VEGFR,0.5125,14,KRSA,0.4181184668989547,2,TK,VEGFR,NA,FLT1
VEGFR,0.5125,14,KRSA,0.4181184668989547,2,TK,VEGFR,NA,FLT4
VEGFR,0.5125,14,KRSA,0.4181184668989547,2,TK,VEGFR,NA,KDR
FGFR,0.7591666666666667,11,KRSA,0.5435540069686411,3,TK,FGFR,NA,FGFR1
FGFR,0.7591666666666667,11,KRSA,0.5435540069686411,3,TK,FGFR,NA,FGFR2
FGFR,0.7591666666666667,11,KRSA,0.5435540069686411,3,TK,FGFR,NA,FGFR3
FGFR,0.7591666666666667,11,KRSA,0.5435540069686411,3,TK,FGFR,NA,FGFR4
DDR,1.288333333333333,2,KRSA,0.9198606271777003,4,TK,DDR,NA,DDR1
DDR,1.288333333333333,2,KRSA,0.9198606271777003,4,TK,DDR,NA,DDR2
ACK,0.7658333333333334,10,KRSA,0.5853658536585366,3,TK,ACK,NA,TNK2
SEV,0.3858333333333333,17,KRSA,0.2926829268292683,2,TK,SEV,NA,ROS1
RET,-0.5599999999999999,13,KRSA,0.45993031358885017,2,TK,RET,NA,RET
AXL,-0.33249999999999996,18,KRSA,0.2508710801393728,2,TK,AXL,NA,AXL
AXL,-0.33249999999999996,18,KRSA,0.2508710801393728,2,TK,AXL,NA,MERTK
AXL,-0.33249999999999996,18,KRSA,0.2508710801393728,2,TK,AXL,NA,TYRO3
ABL,-0.14,22,KRSA,0.08362369337979095,1,TK,ABL,NA,ABL1
ABL,-0.14,22,KRSA,0.08362369337979095,1,TK,ABL,NA,ABL2
ALK,-0.03166666666666666,24,KRSA,0,1,TK,ALK,NA,ALK
ALK,-0.03166666666666666,24,KRSA,0,1,TK,ALK,NA,LTK
